,date_mouvement,code_colis,type_mouvement,quantite_mouvement,emplacement_mouvement,operateur,no_acheminement,date_creation,date_traitement,type_acheminement,demandeur_acheminement,destinataire_acheminement,statut_acheminement,nature,business_unit_acheminement,mouvement_traca_id,acheminement_id,arrivage_id,delta_date_acheminement,commentaire_mouvement_traca,piece_jointe
7364,2020-04-20 11:28:00,21447322,prise,1,AUDIT PRODUIT CARTES,LTHOMAS,,,,,,,,,,7490,,,,,
7365,2020-04-20 11:28:00,21447322,depose,1,ETAGERE URGENCES MIR,LTHOMAS,,,,,,,,,,7491,,,,,
8842,2020-04-21 13:22:00,71352007,prise,1,AUDIT PRODUIT CARTES,LLEDUC,,,,,,,,,,8992,,,,,
8843,2020-04-21 13:22:00,71352007,depose,1,ETAGERE URGENCES MIR,LLEDUC,,,,,,,,,,8993,,,,,
9047,2020-04-21 17:15:00,71356326,prise,1,AUDIT PRODUIT CARTES,LLEDUC,,,,,,,,,,9196,,,,,
9048,2020-04-21 17:15:00,71356326,depose,1,ETAGERE URGENCES MIR,LLEDUC,,,,,,,,,,9197,,,,,
9205,2020-04-22 09:17:00,71368505,prise,1,AUDIT PRODUIT CARTES,CCHALOPIN,,,,,,,,,,9363,,,,,
9206,2020-04-22 09:17:00,71368505,depose,1,ETAGERE URGENCES MIR,CCHALOPIN,,,,,,,,,,9364,,,,,
9573,2020-04-22 16:03:00,21447304,prise,1,AUDIT PRODUIT CARTES,CCHALOPIN,,,,,,,,,,10288,,,,,
9714,2020-04-22 16:03:00,21447304,depose,1,ETAGERE URGENCES MIR,CCHALOPIN,,,,,,,,,,10289,,,,,
9727,2020-04-22 13:37:00,71372246,prise,1,AUDIT PRODUIT CARTES,KGUILLARD,,,,,,,,,,9886,,,,,
9728,2020-04-22 13:37:00,71372246,depose,1,ETAGERE URGENCES MIR,KGUILLARD,,,,,,,,,,9887,,,,,
9800,2020-04-22 14:05:00,71366628,prise,1,AUDIT PRODUIT CARTES,SLOISANCE,,,,,,,,,,9959,,,,,
10060,2020-04-22 16:04:00,21447211,prise,1,AUDIT PRODUIT CARTES,CCHALOPIN,,,,,,,,,,10290,,,,,
10104,2020-04-22 15:34:00,71375169,prise,1,AUDIT PRODUIT CARTES,SLOISANCE,,,,,,,,,,10262,,,,,
10105,2020-04-22 15:34:00,71375169,depose,1,ETAGERE URGENCES MIR,SLOISANCE,,,,,,,,,,10263,,,,,
10130,2020-04-22 16:04:00,21447211,depose,1,ETAGERE URGENCES MIR,CCHALOPIN,,,,,,,,,,10291,,,,,
10979,2020-04-23 13:56:00,71363630,prise,1,AUDIT PRODUIT CARTES,CCHALOPIN,,,,,,,,,,11142,,,,,
10980,2020-04-23 13:56:00,71363630,depose,1,ETAGERE URGENCES MIR,CCHALOPIN,,,,,,,,,,11143,,,,,
11114,2020-04-23 16:46:00,71354837,prise,1,AUDIT PRODUIT CARTES,KGUILLARD,,,,,,,,,,11279,,,,,
11115,2020-04-23 16:46:00,71354837,depose,1,ETAGERE URGENCES MIR,KGUILLARD,,,,,,,,,,11280,,,,,
12597,2020-04-27 15:44:00,71371136,prise,1,AUDIT PRODUIT CARTES,VTRUBLET,,,,,,,,,,12778,,,,,
12598,2020-04-27 15:44:00,71371136,depose,1,ETAGERE URGENCES MIR,VTRUBLET,,,,,,,,,,12779,,,,,
13672,2020-04-28 15:53:00,71347540,prise,1,AUDIT PRODUIT CARTES,CCHALOPIN,,,,,,,,,,13861,,,,,
13673,2020-04-28 15:53:00,71347540,depose,1,ETAGERE URGENCES MIR,CCHALOPIN,,,,,,,,,,13862,,,,,
15708,2020-04-30 13:55:00,71332258,prise,1,AUDIT PRODUIT CARTES,CCHALOPIN,,,,,,,,,,15918,,,,,
15709,2020-04-30 13:55:00,71332258,depose,1,ETAGERE URGENCES MIR,CCHALOPIN,,,,,,,,,,15919,,,,,
16334,2020-05-04 10:53:00,71372127,prise,1,AUDIT PRODUIT CARTES,LTHOMAS,,,,,,,,,,16558,,,,,
16335,2020-05-04 10:53:00,71372127,depose,1,ETAGERE URGENCES MIR,LTHOMAS,,,,,,,,,,16559,,,,,
16477,2020-05-04 11:42:00,71354178,prise,1,AUDIT PRODUIT CARTES,LTHOMAS,,,,,,,,,,16734,,,,,
16478,2020-05-04 11:42:00,71354178,depose,1,ETAGERE URGENCES MIR,LTHOMAS,,,,,,,,,,16735,,,,,
16512,2020-05-04 11:52:00,71330813,prise,1,AUDIT PRODUIT CARTES,LTHOMAS,,,,,,,,,,16769,,,,,
16513,2020-05-04 11:52:00,71330813,depose,1,ETAGERE URGENCES MIR,LTHOMAS,,,,,,,,,,16770,,,,,
16799,2020-05-04 13:59:00,71335945,prise,1,AUDIT PRODUIT CARTES,LLEDUC,,,,,,,,,,17082,,,,,
16800,2020-05-04 13:59:00,71335945,depose,1,ETAGERE URGENCES MIR,LLEDUC,,,,,,,,,,17083,,,,,
17411,2020-05-05 05:56:00,71374082,prise,1,AUDIT PRODUIT CARTES,LTHOMAS,,,,,,,,,,17711,,,,,
17412,2020-05-05 05:56:00,71374082,depose,1,ETAGERE URGENCES MIR,LTHOMAS,,,,,,,,,,17712,,,,,
17421,2020-05-05 06:56:00,21433048,prise,1,AUDIT PRODUIT CARTES,LTHOMAS,,,,,,,,,,17721,,,,,
17422,2020-05-05 06:56:00,21433048,depose,1,ETAGERE URGENCES MIR,LTHOMAS,,,,,,,,,,17722,,,,,
19589,2020-05-06 14:34:00,71366628,depose,1,ETAGERE URGENCES MIR,SLOISANCE,,,,,,,,,,19920,,,,,
19590,2020-05-06 14:34:00,71366405,prise,1,AUDIT PRODUIT CARTES,SLOISANCE,,,,,,,,,,19921,,,,,
19591,2020-05-06 14:34:00,71366405,depose,1,ETAGERE URGENCES MIR,SLOISANCE,,,,,,,,,,19922,,,,,
19960,2020-05-07 09:09:00,71374930,prise,1,AUDIT PRODUIT CARTES,LTHOMAS,,,,,,,,,,20292,,,,,
19961,2020-05-07 09:09:00,71357559,prise,1,AUDIT PRODUIT CARTES,LTHOMAS,,,,,,,,,,20294,,,,,
19962,2020-05-07 09:09:00,71357559,depose,1,ETAGERE URGENCES MIR,LTHOMAS,,,,,,,,,,20295,,,,,
19964,2020-05-07 09:09:00,71374930,depose,1,ETAGERE URGENCES MIR,LTHOMAS,,,,,,,,,,20297,,,,,
20164,2020-05-07 11:14:00,71324179,prise,1,AUDIT PRODUIT CARTES,CCHALOPIN,,,,,,,,,,20499,,,,,
20165,2020-05-07 11:14:00,71324179,depose,1,ETAGERE URGENCES MIR,CCHALOPIN,,,,,,,,,,20500,,,,,
20189,2020-05-07 11:36:00,71335735,prise,1,AUDIT PRODUIT CARTES,LTHOMAS,,,,,,,,,,20524,,,,,
20191,2020-05-07 11:37:00,71335735,depose,1,ETAGERE URGENCES MIR,LTHOMAS,,,,,,,,,,20527,,,,,
20203,2020-05-07 11:40:00,21447914,prise,1,AUDIT PRODUIT CARTES,LTHOMAS,,,,,,,,,,20539,,,,,
20204,2020-05-07 11:40:00,21447914,depose,1,ETAGERE URGENCES MIR,LTHOMAS,,,,,,,,,,20540,,,,,
20350,2020-05-07 13:01:00,21447972,prise,1,AUDIT PRODUIT CARTES,CCHALOPIN,,,,,,,,,,20686,,,,,
20351,2020-05-07 13:01:00,21447972,depose,1,ETAGERE URGENCES MIR,CCHALOPIN,,,,,,,,,,20687,,,,,
20469,2020-05-07 14:03:00,71373277,prise,1,AUDIT PRODUIT CARTES,LLEDUC,,,,,,,,,,20805,,,,,
20470,2020-05-07 14:03:00,71373277,depose,1,ETAGERE URGENCES MIR,LLEDUC,,,,,,,,,,20806,,,,,
21056,2020-05-11 11:21:00,71371740,prise,1,AUDIT PRODUIT CARTES,SLOISANCE,,,,,,,,,,21399,,,,,
21057,2020-05-11 11:21:00,71371740,depose,1,ETAGERE URGENCES MIR,SLOISANCE,,,,,,,,,,21400,,,,,
21201,2020-05-11 12:12:00,71371017,prise,1,AUDIT PRODUIT CARTES,KGUILLARD,,,,,,,,,,21546,,,,,
21202,2020-05-11 12:12:00,71371017,depose,1,ETAGERE URGENCES MIR,KGUILLARD,,,,,,,,,,21547,,,,,
21265,2020-05-11 12:15:00,71362400,prise,1,AUDIT PRODUIT CARTES,KGUILLARD,,,,,,,,,,21610,,,,,
21266,2020-05-11 12:15:00,71362400,depose,1,ETAGERE URGENCES MIR,KGUILLARD,,,,,,,,,,21611,,,,,
21520,2020-05-11 14:30:00,71335148,prise,1,AUDIT PRODUIT CARTES,VTRUBLET,,,,,,,,,,21866,,,,,
21521,2020-05-11 14:30:00,71335148,depose,1,ETAGERE URGENCES MIR,VTRUBLET,,,,,,,,,,21867,,,,,
21647,2020-05-11 15:16:00,71348369,prise,1,AUDIT PRODUIT CARTES,LTHOMAS,,,,,,,,,,21993,,,,,
21648,2020-05-11 15:16:00,71348369,depose,1,ETAGERE URGENCES MIR,LTHOMAS,,,,,,,,,,21994,,,,,
21651,2020-05-11 15:24:00,71356964,prise,1,AUDIT PRODUIT CARTES,LTHOMAS,,,,,,,,,,21997,,,,,
21652,2020-05-11 15:24:00,71356964,depose,1,ETAGERE URGENCES MIR,LTHOMAS,,,,,,,,,,21998,,,,,
21796,2020-05-11 16:03:00,71342039,prise,1,AUDIT PRODUIT CARTES,SLOISANCE,,,,,,,,,,22144,,,,,
21797,2020-05-11 16:03:00,71342039,depose,1,ETAGERE URGENCES MIR,SLOISANCE,,,,,,,,,,22145,,,,,
21804,2020-05-11 16:19:00,71347804,prise,1,AUDIT PRODUIT CARTES,LTHOMAS,,,,,,,,,,22152,,,,,
21805,2020-05-11 16:19:00,71347804,depose,1,ETAGERE URGENCES MIR,LTHOMAS,,,,,,,,,,22153,,,,,
21824,2020-05-11 16:29:00,71226677,prise,1,AUDIT PRODUIT CARTES,LTHOMAS,,,,,,,,,,22172,,,,,
21825,2020-05-11 16:29:00,71226677,depose,1,ETAGERE URGENCES MIR,LTHOMAS,,,,,,,,,,22173,,,,,
21840,2020-05-11 16:42:00,71363623,prise,1,AUDIT PRODUIT CARTES,LTHOMAS,,,,,,,,,,22188,,,,,
21841,2020-05-11 16:42:00,71363623,depose,1,ETAGERE URGENCES MIR,LTHOMAS,,,,,,,,,,22189,,,,,
21842,2020-05-11 17:04:00,71370472,prise,1,AUDIT PRODUIT CARTES,LTHOMAS,,,,,,,,,,22190,,,,,
21843,2020-05-11 17:04:00,71370472,depose,1,ETAGERE URGENCES MIR,LTHOMAS,,,,,,,,,,22191,,,,,
21844,2020-05-11 17:16:00,71370470,prise,1,AUDIT PRODUIT CARTES,LTHOMAS,,,,,,,,,,22192,,,,,
21845,2020-05-11 17:16:00,71370470,depose,1,ETAGERE URGENCES MIR,LTHOMAS,,,,,,,,,,22193,,,,,
21846,2020-05-11 17:17:00,71367604,prise,1,AUDIT PRODUIT CARTES,LTHOMAS,,,,,,,,,,22194,,,,,
21847,2020-05-11 17:17:00,71367604,depose,1,ETAGERE URGENCES MIR,LTHOMAS,,,,,,,,,,22195,,,,,
21854,2020-05-11 17:52:00,71358807,prise,1,AUDIT PRODUIT CARTES,LTHOMAS,,,,,,,,,,22202,,,,,
21855,2020-05-11 17:52:00,71358807,depose,1,ETAGERE URGENCES MIR,LTHOMAS,,,,,,,,,,22203,,,,,
22256,2020-05-12 10:28:00,71366526,prise,1,AUDIT PRODUIT CARTES,KGUILLARD,,,,,,,,,,22612,,,,,
22257,2020-05-12 10:28:00,71366526,depose,1,ETAGERE URGENCES MIR,KGUILLARD,,,,,,,,,,22613,,,,,
22361,2020-05-12 11:11:00,71327916,prise,1,AUDIT PRODUIT CARTES,KGUILLARD,,,,,,,,,,22718,,,,,
22362,2020-05-12 11:11:00,71327916,depose,1,ETAGERE URGENCES MIR,KGUILLARD,,,,,,,,,,22719,,,,,
22573,2020-05-12 13:18:00,71345407,prise,1,AUDIT PRODUIT CARTES,LTHOMAS,,,,,,,,,,22935,,,,,
22574,2020-05-12 13:18:00,71345407,depose,1,ETAGERE URGENCES MIR,LTHOMAS,,,,,,,,,,22936,,,,,
23403,2020-05-13 11:10:00,71373279,prise,1,AUDIT PRODUIT CARTES,SLOISANCE,,,,,,,,,,23771,,,,,
23404,2020-05-13 11:10:00,71373279,depose,1,ETAGERE URGENCES MIR,SLOISANCE,,,,,,,,,,23772,,,,,
23412,2020-05-13 11:17:00,71348370,prise,1,AUDIT PRODUIT CARTES,BBARDOULT,,,,,,,,,,23780,,,,,
23413,2020-05-13 11:17:00,71348370,depose,1,ETAGERE URGENCES MIR,BBARDOULT,,,,,,,,,,23781,,,,,
23493,2020-05-13 11:45:00,71360304,prise,1,AUDIT PRODUIT CARTES,VTRUBLET,,,,,,,,,,23861,,,,,
23621,2020-05-13 11:46:00,71360304,depose,1,ETAGERE URGENCES MIR,VTRUBLET,,,,,,,,,,23991,,,,,
23654,2020-05-13 13:46:00,71322179,prise,1,AUDIT PRODUIT CARTES,BBARDOULT,,,,,,,,,,24024,,,,,
23655,2020-05-13 13:46:00,71322179,depose,1,ETAGERE URGENCES MIR,BBARDOULT,,,,,,,,,,24025,,,,,
24177,2020-05-14 06:35:00,71347882,prise,1,AUDIT PRODUIT CARTES,KGUILLARD,,,,,,,,,,24547,,,,,
24178,2020-05-14 06:35:00,71347882,depose,1,ETAGERE URGENCES MIR,KGUILLARD,,,,,,,,,,24548,,,,,
24240,2020-05-14 09:14:00,21424164,prise,1,AUDIT PRODUIT CARTES,CCHALOPIN,,,,,,,,,,24610,,,,,
24241,2020-05-14 09:14:00,21424164,depose,1,ETAGERE URGENCES MIR,CCHALOPIN,,,,,,,,,,24611,,,,,
24377,2020-05-14 11:09:00,71371226,prise,1,AUDIT PRODUIT CARTES,VTRUBLET,,,,,,,,,,24747,,,,,
24378,2020-05-14 11:09:00,71371226,depose,1,ETAGERE URGENCES MIR,VTRUBLET,,,,,,,,,,24748,,,,,
24413,2020-05-14 11:16:00,71360873,prise,1,AUDIT PRODUIT CARTES,CCHALOPIN,,,,,,,,,,24783,,,,,
24414,2020-05-14 11:16:00,71360873,depose,1,ETAGERE URGENCES MIR,CCHALOPIN,,,,,,,,,,24784,,,,,
25253,2020-05-15 08:31:00,71363622,prise,1,AUDIT PRODUIT CARTES,BBARDOULT,,,,,,,,,,25635,,,,,
25254,2020-05-15 08:31:00,71363622,depose,1,ETAGERE URGENCES MIR,BBARDOULT,,,,,,,,,,25636,,,,,
25649,2020-05-15 11:40:00,71373301,prise,1,AUDIT PRODUIT CARTES,LTHOMAS,,,,,,,,,,26030,,,,,
25650,2020-05-15 11:40:00,71373301,depose,1,ETAGERE URGENCES MIR,LTHOMAS,,,,,,,,,,26031,,,,,
26442,2020-05-18 10:59:00,71371751,prise,1,AUDIT PRODUIT CARTES,BBARDOULT,,,,,,,,,,26832,,,,,
26443,2020-05-18 10:59:00,71371751,depose,1,ETAGERE URGENCES MIR,BBARDOULT,,,,,,,,,,26833,,,,,
26546,2020-05-18 11:43:00,71372494,prise,1,AUDIT PRODUIT CARTES,CCHALOPIN,,,,,,,,,,26936,,,,,
26547,2020-05-18 11:43:00,71372494,depose,1,ETAGERE URGENCES MIR,CCHALOPIN,,,,,,,,,,26937,,,,,
26646,2020-05-18 13:23:00,71378395,prise,1,AUDIT PRODUIT CARTES,CCHALOPIN,,,,,,,,,,27045,,,,,
26647,2020-05-18 13:23:00,71378395,depose,1,ETAGERE URGENCES MIR,CCHALOPIN,,,,,,,,,,27046,,,,,
26759,2020-05-18 14:14:00,71374724,prise,1,AUDIT PRODUIT CARTES,CCHALOPIN,,,,,,,,,,27164,,,,,
26760,2020-05-18 14:14:00,71374724,depose,1,ETAGERE URGENCES MIR,CCHALOPIN,,,,,,,,,,27165,,,,,
26761,2020-05-18 14:14:00,71379246,prise,1,AUDIT PRODUIT CARTES,CCHALOPIN,,,,,,,,,,27166,,,,,
26762,2020-05-18 14:14:00,71379246,depose,1,ETAGERE URGENCES MIR,CCHALOPIN,,,,,,,,,,27167,,,,,
27321,2020-05-19 10:41:00,71358393,prise,1,AUDIT PRODUIT CARTES,BBARDOULT,,,,,,,,,,27731,,,,,
27322,2020-05-19 10:41:00,71358393,depose,1,ETAGERE URGENCES MIR,BBARDOULT,,,,,,,,,,27732,,,,,
27809,2020-05-19 15:10:00,71372545,prise,1,AUDIT PRODUIT CARTES,KGUILLARD,,,,,,,,,,28234,,,,,
27810,2020-05-19 15:10:00,71372545,depose,1,ETAGERE URGENCES MIR,KGUILLARD,,,,,,,,,,28235,,,,,
27847,2020-05-19 15:19:00,71365645,prise,1,AUDIT PRODUIT CARTES,KGUILLARD,,,,,,,,,,28274,,,,,
27848,2020-05-19 15:19:00,71365645,depose,1,ETAGERE URGENCES MIR,KGUILLARD,,,,,,,,,,28275,,,,,
27925,2020-05-19 18:04:00,71354426,prise,1,AUDIT PRODUIT CARTES,LLEDUC,,,,,,,,,,28352,,,,,
27926,2020-05-19 18:04:00,71354426,depose,1,ETAGERE URGENCES MIR,LLEDUC,,,,,,,,,,28353,,,,,
27959,2020-05-19 20:19:00,71369582,prise,1,AUDIT PRODUIT CARTES,KGUILLARD,,,,,,,,,,28386,,,,,
27960,2020-05-19 20:19:00,71369582,depose,1,ETAGERE URGENCES MIR,KGUILLARD,,,,,,,,,,28387,,,,,
28109,2020-05-20 08:07:00,71372369,prise,1,AUDIT PRODUIT CARTES,VTRUBLET,,,,,,,,,,28536,,,,,
28111,2020-05-20 08:08:00,71372369,depose,1,ETAGERE URGENCES MIR,VTRUBLET,,,,,,,,,,28539,,,,,
28361,2020-05-20 10:17:00,71370473,prise,1,AUDIT PRODUIT CARTES,VTRUBLET,,,,,,,,,,28790,,,,,
28362,2020-05-20 10:17:00,71370473,depose,1,ETAGERE URGENCES MIR,VTRUBLET,,,,,,,,,,28791,,,,,
28363,2020-05-20 10:17:00,71372038,prise,1,AUDIT PRODUIT CARTES,SLOISANCE,,,,,,,,,,28792,,,,,
28364,2020-05-20 10:17:00,71372038,depose,1,ETAGERE URGENCES MIR,SLOISANCE,,,,,,,,,,28793,,,,,
28384,2020-05-20 10:42:00,71354834,prise,1,AUDIT PRODUIT CARTES,SLOISANCE,,,,,,,,,,28813,,,,,
28385,2020-05-20 10:42:00,71354834,depose,1,ETAGERE URGENCES MIR,SLOISANCE,,,,,,,,,,28814,,,,,
30924,2020-05-27 09:14:00,71324821,prise,1,AUDIT PRODUIT CARTES,KGUILLARD,,,,,,,,,,31366,,,,,
30925,2020-05-27 09:14:00,71324821,depose,1,ETAGERE URGENCES MIR,KGUILLARD,,,,,,,,,,31367,,,,,
31174,2020-05-27 10:43:00,21435540,prise,1,AUDIT PRODUIT CARTES,CCHALOPIN,,,,,,,,,,31616,,,,,
31175,2020-05-27 10:43:00,21435540,depose,1,ETAGERE URGENCES MIR,CCHALOPIN,,,,,,,,,,31617,,,,,
31526,2020-05-27 13:23:00,71351415,prise,1,AUDIT PRODUIT CARTES,VTRUBLET,,,,,,,,,,31968,,,,,
31527,2020-05-27 13:23:00,71351415,depose,1,ETAGERE URGENCES MIR,VTRUBLET,,,,,,,,,,31969,,,,,
31548,2020-05-27 14:13:00,71361591,prise,1,AUDIT PRODUIT CARTES,VTRUBLET,,,,,,,,,,31990,,,,,
31549,2020-05-27 14:13:00,71361591,depose,1,ETAGERE URGENCES MIR,VTRUBLET,,,,,,,,,,31991,,,,,
31844,2020-05-27 16:50:00,71368815,prise,1,AUDIT PRODUIT CARTES,LTHOMAS,,,,,,,,,,32295,,,,,
31845,2020-05-27 16:50:00,71368815,depose,1,ETAGERE URGENCES MIR,LTHOMAS,,,,,,,,,,32296,,,,,
32223,2020-05-28 10:56:00,71347546,prise,1,AUDIT PRODUIT CARTES,SLEFOUL,,,,,,,,,,32683,,,,,
32224,2020-05-28 10:56:00,71347546,depose,1,ETAGERE URGENCES MIR,SLEFOUL,,,,,,,,,,32684,,,,,
32281,2020-05-28 13:55:00,71360307,prise,1,AUDIT PRODUIT CARTES,SLEFOUL,,,,,,,,,,33096,,,,,
32560,2020-05-28 13:55:00,71360307,depose,1,ETAGERE URGENCES MIR,SLEFOUL,,,,,,,,,,33097,,,,,
32695,2020-05-28 15:32:00,71375602,prise,1,AUDIT PRODUIT CARTES,SLEFOUL,,,,,,,,,,33164,,,,,
32696,2020-05-28 15:32:00,71375602,depose,1,ETAGERE URGENCES MIR,SLEFOUL,,,,,,,,,,33165,,,,,
32699,2020-05-28 15:33:00,71366933,prise,1,AUDIT PRODUIT CARTES,BBARDOULT,,,,,,,,,,33168,,,,,
32700,2020-05-28 15:33:00,71366933,depose,1,ETAGERE URGENCES MIR,BBARDOULT,,,,,,,,,,33169,,,,,
33327,2020-05-29 13:50:00,71376174,prise,1,AUDIT PRODUIT CARTES,BBARDOULT,,,,,,,,,,33800,,,,,
33331,2020-05-29 13:51:00,71376174,depose,1,ETAGERE URGENCES MIR,BBARDOULT,,,,,,,,,,33805,,,,,
33937,2020-06-02 10:37:00,71370475,prise,1,AUDIT PRODUIT CARTES,SLEFOUL,,,,,,,,,,34414,,,,,
33938,2020-06-02 10:37:00,71370475,depose,1,ETAGERE URGENCES MIR,SLEFOUL,,,,,,,,,,34415,,,,,
33957,2020-06-02 10:59:00,71363453,prise,1,AUDIT PRODUIT CARTES,CCHALOPIN,,,,,,,,,,34435,,,,,
33958,2020-06-02 10:59:00,71363453,depose,1,ETAGERE URGENCES MIR,CCHALOPIN,,,,,,,,,,34436,,,,,
34070,2020-06-02 11:15:00,71335948,prise,1,AUDIT PRODUIT CARTES,CCHALOPIN,,,,,,,,,,34548,,,,,
34071,2020-06-02 11:15:00,71335948,depose,1,ETAGERE URGENCES MIR,CCHALOPIN,,,,,,,,,,34549,,,,,
34529,2020-06-02 14:35:00,71353505,prise,1,AUDIT PRODUIT CARTES,VTRUBLET,,,,,,,,,,35007,,,,,
34530,2020-06-02 14:35:00,71353505,depose,1,ETAGERE URGENCES MIR,VTRUBLET,,,,,,,,,,35008,,,,,
35065,2020-06-03 10:17:00,71365158,prise,1,AUDIT PRODUIT CARTES,CCHALOPIN,,,,,,,,,,35545,,,,,
35066,2020-06-03 10:17:00,71365158,depose,1,ETAGERE URGENCES MIR,CCHALOPIN,,,,,,,,,,35546,,,,,
36517,2020-06-04 11:11:00,71367252,prise,1,AUDIT PRODUIT CARTES,LTHOMAS,,,,,,,,,,36997,,,,,
36518,2020-06-04 11:11:00,71367252,depose,1,ETAGERE URGENCES MIR,LTHOMAS,,,,,,,,,,36998,,,,,
38001,2020-06-05 13:25:00,71375558,prise,1,AUDIT PRODUIT CARTES,SLOISANCE,,,,,,,,,,38502,,,,,
38002,2020-06-05 13:25:00,71375558,depose,1,ETAGERE URGENCES MIR,SLOISANCE,,,,,,,,,,38503,,,,,
39466,2020-06-09 10:29:00,71363459,prise,1,AUDIT PRODUIT CARTES,VTRUBLET,,,,,,,,,,39969,,,,,
39467,2020-06-09 10:29:00,71363459,depose,1,ETAGERE URGENCES MIR,VTRUBLET,,,,,,,,,,39970,,,,,
39762,2020-06-09 13:14:00,71375820,prise,1,AUDIT PRODUIT CARTES,CCHALOPIN,,,,,,,,,,40265,,,,,
39763,2020-06-09 13:14:00,71375820,depose,1,ETAGERE URGENCES MIR,CCHALOPIN,,,,,,,,,,40266,,,,,
40593,2020-06-10 11:21:00,71362294,prise,1,AUDIT PRODUIT CARTES,LLEDUC,,,,,,,,,,41098,,,,,
40594,2020-06-10 11:21:00,71362294,depose,1,ETAGERE URGENCES MIR,LLEDUC,,,,,,,,,,41099,,,,,
40741,2020-06-10 12:06:00,71373304,prise,1,AUDIT PRODUIT CARTES,LLEDUC,,,,,,,,,,41246,,,,,
40742,2020-06-10 12:06:00,71373304,depose,1,ETAGERE URGENCES MIR,LLEDUC,,,,,,,,,,41247,,,,,
41395,2020-06-11 10:27:00,71366265,prise,1,AUDIT PRODUIT CARTES,SLOISANCE,,,,,,,,,,41902,,,,,
41396,2020-06-11 10:27:00,71366265,depose,1,ETAGERE URGENCES MIR,SLOISANCE,,,,,,,,,,41903,,,,,
42578,2020-06-12 10:39:00,71362821,prise,1,AUDIT PRODUIT CARTES,BBARDOULT,,,,,,,,,,43085,,,,,
42579,2020-06-12 10:39:00,71362821,depose,1,ETAGERE URGENCES MIR,BBARDOULT,,,,,,,,,,43086,,,,,
43331,2020-06-15 06:02:00,71381762,prise,1,AUDIT PRODUIT CARTES,JPRIOUL,,,,,,,,,,43841,,,,,
43332,2020-06-15 06:02:00,71381762,depose,1,ETAGERE URGENCES MIR,JPRIOUL,,,,,,,,,,43842,,,,,
43504,2020-06-15 10:24:00,71364125,prise,1,AUDIT PRODUIT CARTES,MVEILLARD,,,,,,,,,,44014,,,,,
43507,2020-06-15 10:27:00,71364125,depose,1,ETAGERE URGENCES MIR,MVEILLARD,,,,,,,,,,44017,,,,,
43902,2020-06-15 12:56:00,71364134,prise,1,AUDIT PRODUIT CARTES,VTRUBLET,,,,,,,,,,44436,,,,,
43903,2020-06-15 12:56:00,71364134,depose,1,ETAGERE URGENCES MIR,VTRUBLET,,,,,,,,,,44437,,,,,
44590,2020-06-16 11:14:00,71375873,prise,1,AUDIT PRODUIT CARTES,LTHOMAS,,,,,,,,,,45126,,,,,
44591,2020-06-16 11:14:00,71375873,depose,1,ETAGERE URGENCES MIR,LTHOMAS,,,,,,,,,,45127,,,,,
45036,2020-06-16 15:57:00,71385925,prise,1,AUDIT PRODUIT CARTES,CCHALOPIN,,,,,,,,,,45577,,,,,
45037,2020-06-16 15:57:00,71385925,depose,1,ETAGERE URGENCES MIR,CCHALOPIN,,,,,,,,,,45578,,,,,
45613,2020-06-17 14:15:00,71356409,prise,1,AUDIT PRODUIT CARTES,LLEDUC,,,,,,,,,,46156,,,,,
45614,2020-06-17 14:15:00,71356409,depose,1,ETAGERE URGENCES MIR,LLEDUC,,,,,,,,,,46157,,,,,
45758,2020-06-17 15:03:00,71373115,prise,1,AUDIT PRODUIT CARTES,VTRUBLET,,,,,,,,,,46302,,,,,
45759,2020-06-17 15:03:00,71373115,depose,1,ETAGERE URGENCES MIR,VTRUBLET,,,,,,,,,,46303,,,,,
46528,2020-06-18 13:24:00,71351221,prise,1,AUDIT PRODUIT CARTES,SLEFOUL,,,,,,,,,,47078,,,,,
46529,2020-06-18 13:24:00,71351221,depose,1,ETAGERE URGENCES MIR,SLEFOUL,,,,,,,,,,47079,,,,,
46559,2020-06-18 14:02:00,71379001,prise,1,AUDIT PRODUIT CARTES,CCHALOPIN,,,,,,,,,,47109,,,,,
46560,2020-06-18 14:02:00,71379001,depose,1,ETAGERE URGENCES MIR,CCHALOPIN,,,,,,,,,,47110,,,,,
46565,2020-06-18 14:09:00,71356411,prise,1,AUDIT PRODUIT CARTES,KGUILLARD,,,,,,,,,,47115,,,,,
46566,2020-06-18 14:09:00,71356411,depose,1,ETAGERE URGENCES MIR,KGUILLARD,,,,,,,,,,47116,,,,,
46818,2020-06-18 15:55:00,71385663,prise,1,AUDIT PRODUIT CARTES,KGUILLARD,,,,,,,,,,47372,,,,,
46819,2020-06-18 15:55:00,71385663,depose,1,ETAGERE URGENCES MIR,KGUILLARD,,,,,,,,,,47373,,,,,
46821,2020-06-18 16:03:00,71372656,prise,1,AUDIT PRODUIT CARTES,SLOISANCE,,,,,,,,,,47375,,,,,
46822,2020-06-18 16:03:00,71372656,depose,1,ETAGERE URGENCES MIR,SLOISANCE,,,,,,,,,,47376,,,,,
46824,2020-06-18 16:03:00,71359215,prise,1,AUDIT PRODUIT CARTES,SLOISANCE,,,,,,,,,,47378,,,,,
46825,2020-06-18 16:03:00,71359215,depose,1,ETAGERE URGENCES MIR,SLOISANCE,,,,,,,,,,47379,,,,,
47379,2020-06-23 11:07:00,71357584,prise,1,AUDIT PRODUIT CARTES,VTRUBLET,,,,,,,,,,47937,,,,,
47380,2020-06-23 11:07:00,71357584,depose,1,ETAGERE URGENCES MIR,VTRUBLET,,,,,,,,,,47938,,,,,
49192,2020-06-24 10:58:00,71367247,prise,1,AUDIT PRODUIT CARTES,LLEDUC,,,,,,,,,,49824,,,,,
49193,2020-06-24 10:58:00,71367247,depose,1,ETAGERE URGENCES MIR,LLEDUC,,,,,,,,,,49825,,,,,
50084,2020-06-24 19:19:00,71373276,prise,1,AUDIT PRODUIT CARTES,LTHOMAS,,,,,,,,,,50727,,,,,
50085,2020-06-24 19:19:00,71373276,depose,1,ETAGERE URGENCES MIR,LTHOMAS,,,,,,,,,,50728,,,,,
51149,2020-06-25 17:15:00,71387900,prise,1,AUDIT PRODUIT CARTES,JPRIOUL,,,,,,,,,,51801,,,,,
51150,2020-06-25 17:15:00,71387900,depose,1,ETAGERE URGENCES MIR,JPRIOUL,,,,,,,,,,51802,,,,,
51556,2020-06-26 11:46:00,71381313,prise,1,AUDIT PRODUIT CARTES,CCHALOPIN,,,,,,,,,,52209,,,,,
51557,2020-06-26 11:46:00,71381313,depose,1,ETAGERE URGENCES MIR,CCHALOPIN,,,,,,,,,,52210,,,,,
51720,2020-06-26 13:21:00,71356209,prise,1,AUDIT PRODUIT CARTES,CCHALOPIN,,,,,,,,,,52373,,,,,
51721,2020-06-26 13:21:00,71356209,depose,1,ETAGERE URGENCES MIR,CCHALOPIN,,,,,,,,,,52374,,,,,
52089,2020-06-26 16:31:00,71373354,prise,1,AUDIT PRODUIT CARTES,LTHOMAS,,,,,,,,,,52763,,,,,
52090,2020-06-26 16:31:00,71373354,depose,1,ETAGERE URGENCES MIR,LTHOMAS,,,,,,,,,,52764,,,,,
52538,2020-06-29 11:44:00,71387181,prise,1,AUDIT PRODUIT CARTES,CCHALOPIN,,,,,,,,,,53214,,,,,
52539,2020-06-29 11:44:00,71387181,depose,1,ETAGERE URGENCES MIR,CCHALOPIN,,,,,,,,,,53215,,,,,
52826,2020-06-29 12:51:00,71387180,prise,1,AUDIT PRODUIT CARTES,CCHALOPIN,,,,,,,,,,53502,,,,,
52827,2020-06-29 12:51:00,71387180,depose,1,ETAGERE URGENCES MIR,CCHALOPIN,,,,,,,,,,53503,,,,,
53509,2020-06-30 10:18:00,71382282,prise,1,AUDIT PRODUIT CARTES,BBARDOULT,,,,,,,,,,54214,,,,,
53511,2020-06-30 10:19:00,71382282,depose,1,ETAGERE URGENCES MIR,BBARDOULT,,,,,,,,,,54217,,,,,
53596,2020-06-30 10:56:00,71373353,prise,1,AUDIT PRODUIT CARTES,BBARDOULT,,,,,,,,,,54302,,,,,
53597,2020-06-30 10:56:00,71373353,depose,1,ETAGERE URGENCES MIR,BBARDOULT,,,,,,,,,,54303,,,,,
53977,2020-06-30 13:37:00,71372654,prise,1,AUDIT PRODUIT CARTES,KGUILLARD,,,,,,,,,,54684,,,,,
53978,2020-06-30 13:37:00,71372654,depose,1,ETAGERE URGENCES MIR,KGUILLARD,,,,,,,,,,54685,,,,,
54026,2020-06-30 14:08:00,71359713,prise,1,AUDIT PRODUIT CARTES,BBARDOULT,,,,,,,,,,54733,,,,,
54027,2020-06-30 14:08:00,71359713,depose,1,ETAGERE URGENCES MIR,BBARDOULT,,,,,,,,,,54734,,,,,
54298,2020-07-01 05:52:00,71381515,prise,1,AUDIT PRODUIT CARTES,LTHOMAS,,,,,,,,,,55005,,,,,
54299,2020-07-01 05:52:00,71381515,depose,1,ETAGERE URGENCES MIR,LTHOMAS,,,,,,,,,,55006,,,,,
54304,2020-07-01 06:45:00,71380490,prise,1,AUDIT PRODUIT CARTES,LTHOMAS,,,,,,,,,,55011,,,,,
54305,2020-07-01 06:45:00,71380490,depose,1,ETAGERE URGENCES MIR,LTHOMAS,,,,,,,,,,55012,,,,,
54589,2020-07-01 10:32:00,71355730,prise,1,AUDIT PRODUIT CARTES,LTHOMAS,,,,,,,,,,55301,,,,,
54590,2020-07-01 10:32:00,71355730,depose,1,ETAGERE URGENCES MIR,LTHOMAS,,,,,,,,,,55302,,,,,
55056,2020-07-01 14:14:00,71347648,prise,1,AUDIT PRODUIT CARTES,KGUILLARD,,,,,,,,,,55767,,,,,
55057,2020-07-01 14:14:00,71347648,depose,1,ETAGERE URGENCES MIR,KGUILLARD,,,,,,,,,,55768,,,,,
55074,2020-07-01 14:32:00,71389046,prise,1,AUDIT PRODUIT CARTES,KGUILLARD,,,,,,,,,,55785,,,,,
55075,2020-07-01 14:32:00,71389046,depose,1,ETAGERE URGENCES MIR,KGUILLARD,,,,,,,,,,55786,,,,,
55165,2020-07-01 15:11:00,71356415,prise,1,AUDIT PRODUIT CARTES,KGUILLARD,,,,,,,,,,55876,,,,,
55166,2020-07-01 15:11:00,71356415,depose,1,ETAGERE URGENCES MIR,KGUILLARD,,,,,,,,,,55877,,,,,
55171,2020-07-01 15:24:00,71385917,prise,1,AUDIT PRODUIT CARTES,KGUILLARD,,,,,,,,,,55883,,,,,
55172,2020-07-01 15:24:00,71385917,depose,1,ETAGERE URGENCES MIR,KGUILLARD,,,,,,,,,,55884,,,,,
55183,2020-07-01 15:36:00,71385919,prise,1,AUDIT PRODUIT CARTES,KGUILLARD,,,,,,,,,,55895,,,,,
55184,2020-07-01 15:36:00,71385919,depose,1,ETAGERE URGENCES MIR,KGUILLARD,,,,,,,,,,55896,,,,,
55209,2020-07-01 17:53:00,71360874,prise,1,AUDIT PRODUIT CARTES,KGUILLARD,,,,,,,,,,55921,,,,,
55210,2020-07-01 17:53:00,71360874,depose,1,ETAGERE URGENCES MIR,KGUILLARD,,,,,,,,,,55922,,,,,
55528,2020-07-02 10:59:00,71375680,prise,1,AUDIT PRODUIT CARTES,SLEFOUL,,,,,,,,,,56239,,,,,
55529,2020-07-02 10:59:00,71375680,depose,1,ETAGERE URGENCES MIR,SLEFOUL,,,,,,,,,,56240,,,,,
56039,2020-07-02 13:58:00,71387051,prise,1,AUDIT PRODUIT CARTES,SLEFOUL,,,,,,,,,,56754,,,,,
56040,2020-07-02 13:58:00,71387051,depose,1,ETAGERE URGENCES MIR,SLEFOUL,,,,,,,,,,56755,,,,,
56201,2020-07-02 14:45:00,71357113,prise,1,AUDIT PRODUIT CARTES,LLEDUC,,,,,,,,,,56915,,,,,
56202,2020-07-02 14:45:00,71357113,depose,1,ETAGERE URGENCES MIR,LLEDUC,,,,,,,,,,56916,,,,,
56299,2020-07-02 16:01:00,71384261,prise,1,AUDIT PRODUIT CARTES,LLEDUC,,,,,,,,,,57013,,,,,
56303,2020-07-02 16:02:00,71384261,depose,1,ETAGERE URGENCES MIR,LLEDUC,,,,,,,,,,57018,,,,,
58869,2020-07-07 12:27:00,71368349,prise,1,AUDIT PRODUIT CARTES,LLEDUC,,,,,,,,,,59634,,,,,
58870,2020-07-07 12:27:00,71368349,depose,1,ETAGERE URGENCES MIR,LLEDUC,,,,,,,,,,59635,,,,,
59164,2020-07-08 08:30:00,71372655,prise,1,AUDIT PRODUIT CARTES,SLEFOUL,,,,,,,,,,59943,,,,,
59165,2020-07-08 08:30:00,71372655,depose,1,ETAGERE URGENCES MIR,SLEFOUL,,,,,,,,,,59944,,,,,
59203,2020-07-08 09:06:00,71355789,prise,1,AUDIT PRODUIT CARTES,SLEFOUL,,,,,,,,,,59984,,,,,
59204,2020-07-08 09:06:00,71355789,depose,1,ETAGERE URGENCES MIR,SLEFOUL,,,,,,,,,,59985,,,,,
59211,2020-07-08 09:12:00,71367559,prise,1,AUDIT PRODUIT CARTES,VTRUBLET,,,,,,,,,,59992,,,,,
59212,2020-07-08 09:12:00,71367559,depose,1,ETAGERE URGENCES MIR,VTRUBLET,,,,,,,,,,59993,,,,,
59759,2020-07-08 13:43:00,71373901,prise,1,AUDIT PRODUIT CARTES,BBARDOULT,,,,,,,,,,60570,,,,,
59760,2020-07-08 13:43:00,71373901,depose,1,ETAGERE URGENCES MIR,BBARDOULT,,,,,,,,,,60571,,,,,
60033,2020-07-08 15:30:00,71373099,prise,1,AUDIT PRODUIT CARTES,SLOISANCE,,,,,,,,,,60851,,,,,
60034,2020-07-08 15:30:00,71373099,depose,1,ETAGERE URGENCES MIR,SLOISANCE,,,,,,,,,,60852,,,,,
60089,2020-07-08 18:08:00,71382020,prise,1,AUDIT PRODUIT CARTES,JPRIOUL,,,,,,,,,,60907,,,,,
60090,2020-07-08 18:08:00,71382020,depose,1,ETAGERE URGENCES MIR,JPRIOUL,,,,,,,,,,60908,,,,,
60388,2020-07-09 10:43:00,71373344,prise,1,AUDIT PRODUIT CARTES,LLEDUC,,,,,,,,,,61205,,,,,
60394,2020-07-09 10:47:00,71373344,depose,1,ETAGERE URGENCES MIR,LLEDUC,,,,,,,,,,61212,,,,,
60474,2020-07-09 11:24:00,71374581,prise,1,AUDIT PRODUIT CARTES,LLEDUC,,,,,,,,,,61291,,,,,
60475,2020-07-09 11:24:00,71374581,depose,1,ETAGERE URGENCES MIR,LLEDUC,,,,,,,,,,61292,,,,,
60597,2020-07-09 12:10:00,71383059,prise,1,AUDIT PRODUIT CARTES,LLEDUC,,,,,,,,,,61412,,,,,
60598,2020-07-09 12:10:00,71383059,depose,1,ETAGERE URGENCES MIR,LLEDUC,,,,,,,,,,61413,,,,,
60645,2020-07-09 12:20:00,71361991,prise,1,AUDIT PRODUIT CARTES,LLEDUC,,,,,,,,,,61460,,,,,
60646,2020-07-09 12:20:00,71361991,depose,1,ETAGERE URGENCES MIR,LLEDUC,,,,,,,,,,61461,,,,,
60713,2020-07-09 14:11:00,71383039,prise,1,AUDIT PRODUIT CARTES,LTHOMAS,,,,,,,,,,61536,,,,,
60714,2020-07-09 14:11:00,71383039,depose,1,ETAGERE URGENCES MIR,LTHOMAS,,,,,,,,,,61537,,,,,
60715,2020-07-09 14:11:00,71363437,prise,1,AUDIT PRODUIT CARTES,BBARDOULT,,,,,,,,,,61538,,,,,
60716,2020-07-09 14:11:00,71363437,depose,1,ETAGERE URGENCES MIR,BBARDOULT,,,,,,,,,,61539,,,,,
60717,2020-07-09 14:11:00,71375876,prise,1,AUDIT PRODUIT CARTES,VTRUBLET,,,,,,,,,,61540,,,,,
60718,2020-07-09 14:11:00,71375876,depose,1,ETAGERE URGENCES MIR,VTRUBLET,,,,,,,,,,61541,,,,,
60747,2020-07-09 14:21:00,71373501,prise,1,AUDIT PRODUIT CARTES,LTHOMAS,,,,,,,,,,61571,,,,,
60748,2020-07-09 14:21:00,71373501,depose,1,ETAGERE URGENCES MIR,LTHOMAS,,,,,,,,,,61572,,,,,
60939,2020-07-09 15:31:00,71363431,prise,1,AUDIT PRODUIT CARTES,LTHOMAS,,,,,,,,,,61766,,,,,
60940,2020-07-09 15:31:00,71363431,depose,1,ETAGERE URGENCES MIR,LTHOMAS,,,,,,,,,,61767,,,,,
60975,2020-07-09 15:50:00,71374875,prise,1,AUDIT PRODUIT CARTES,BBARDOULT,,,,,,,,,,61802,,,,,
60976,2020-07-09 15:50:00,71374875,depose,1,ETAGERE URGENCES MIR,BBARDOULT,,,,,,,,,,61803,,,,,
61048,2020-07-09 18:54:00,71385918,prise,1,AUDIT PRODUIT CARTES,LTHOMAS,,,,,,,,,,61875,,,,,
61049,2020-07-09 18:54:00,71385918,depose,1,ETAGERE URGENCES MIR,LTHOMAS,,,,,,,,,,61876,,,,,
61050,2020-07-09 19:10:00,71385913,prise,1,AUDIT PRODUIT CARTES,LTHOMAS,,,,,,,,,,61877,,,,,
61051,2020-07-09 19:10:00,71385913,depose,1,ETAGERE URGENCES MIR,LTHOMAS,,,,,,,,,,61878,,,,,
61052,2020-07-09 19:23:00,71388043,prise,1,AUDIT PRODUIT CARTES,LTHOMAS,,,,,,,,,,61879,,,,,
61053,2020-07-09 19:23:00,71388043,depose,1,ETAGERE URGENCES MIR,LTHOMAS,,,,,,,,,,61880,,,,,
61054,2020-07-09 19:34:00,71382997,prise,1,AUDIT PRODUIT CARTES,LTHOMAS,,,,,,,,,,61881,,,,,
61055,2020-07-09 19:34:00,71382997,depose,1,ETAGERE URGENCES MIR,LTHOMAS,,,,,,,,,,61882,,,,,
61663,2020-07-10 13:42:00,71378058,prise,1,AUDIT PRODUIT CARTES,SLOISANCE,,,,,,,,,,62565,,,,,
61732,2020-07-10 13:42:00,71378058,depose,1,ETAGERE URGENCES MIR,SLOISANCE,,,,,,,,,,62566,,,,,
61878,2020-07-10 14:24:00,71385246,prise,1,AUDIT PRODUIT CARTES,LTHOMAS,,,,,,,,,,62715,,,,,
61879,2020-07-10 14:24:00,71385246,depose,1,ETAGERE URGENCES MIR,LTHOMAS,,,,,,,,,,62716,,,,,
61948,2020-07-10 14:44:00,71387929,prise,1,AUDIT PRODUIT CARTES,LTHOMAS,,,,,,,,,,62785,,,,,
61949,2020-07-10 14:44:00,71387929,depose,1,ETAGERE URGENCES MIR,LTHOMAS,,,,,,,,,,62786,,,,,
62151,2020-07-10 16:01:00,71389087,prise,1,AUDIT PRODUIT CARTES,LTHOMAS,,,,,,,,,,62991,,,,,
62152,2020-07-10 16:01:00,71389087,depose,1,ETAGERE URGENCES MIR,LTHOMAS,,,,,,,,,,62992,,,,,
62153,2020-07-10 16:03:00,71390095,prise,1,AUDIT PRODUIT CARTES,LTHOMAS,,,,,,,,,,62993,,,,,
62154,2020-07-10 16:03:00,71390095,depose,1,ETAGERE URGENCES MIR,LTHOMAS,,,,,,,,,,62994,,,,,
62909,2020-07-15 12:27:00,71356053,prise,1,AUDIT PRODUIT CARTES,JPRIOUL,,,,,,,,,,63753,,,,,
62910,2020-07-15 12:27:00,71356053,depose,1,ETAGERE URGENCES MIR,JPRIOUL,,,,,,,,,,63754,,,,,
63512,2020-07-15 17:06:00,71387626,prise,1,AUDIT PRODUIT CARTES,LLEDUC,,,,,,,,,,64361,,,,,
63513,2020-07-15 17:06:00,71387626,depose,1,ETAGERE URGENCES MIR,LLEDUC,,,,,,,,,,64362,,,,,
63514,2020-07-15 17:17:00,71387627,prise,1,AUDIT PRODUIT CARTES,LLEDUC,,,,,,,,,,64363,,,,,
63515,2020-07-15 17:17:00,71387627,depose,1,ETAGERE URGENCES MIR,LLEDUC,,,,,,,,,,64364,,,,,
64335,2020-07-16 13:00:00,71385363,prise,1,AUDIT PRODUIT CARTES,SLEFOUL,,,,,,,,,,65188,,,,,
64336,2020-07-16 13:00:00,71385363,depose,1,ETAGERE URGENCES MIR,SLEFOUL,,,,,,,,,,65189,,,,,
64338,2020-07-16 13:11:00,71389086,prise,1,AUDIT PRODUIT CARTES,SLEFOUL,,,,,,,,,,65191,,,,,
64339,2020-07-16 13:11:00,71389086,depose,1,ETAGERE URGENCES MIR,SLEFOUL,,,,,,,,,,65192,,,,,
64365,2020-07-16 13:26:00,71367601,prise,1,AUDIT PRODUIT CARTES,BBARDOULT,,,,,,,,,,65218,,,,,
64392,2020-07-16 13:27:00,71367601,depose,1,ETAGERE URGENCES MIR,BBARDOULT,,,,,,,,,,65247,,,,,
64558,2020-07-16 14:13:00,71381082,prise,1,AUDIT PRODUIT CARTES,LLEDUC,,,,,,,,,,65414,,,,,
64577,2020-07-16 14:17:00,71381082,depose,1,ETAGERE URGENCES MIR,LLEDUC,,,,,,,,,,65434,,,,,
64817,2020-07-16 16:40:00,71383002,prise,1,AUDIT PRODUIT CARTES,KGUILLARD,,,,,,,,,,65674,,,,,
64818,2020-07-16 16:40:00,71383002,depose,1,ETAGERE URGENCES MIR,KGUILLARD,,,,,,,,,,65675,,,,,
64841,2020-07-16 18:20:00,71351399,prise,1,AUDIT PRODUIT CARTES,KGUILLARD,,,,,,,,,,65698,,,,,
64842,2020-07-16 18:20:00,71351399,depose,1,ETAGERE URGENCES MIR,KGUILLARD,,,,,,,,,,65699,,,,,
65233,2020-07-17 11:13:00,71381612,prise,1,AUDIT PRODUIT CARTES,SLOISANCE,,,,,,,,,,66101,,,,,
65234,2020-07-17 11:13:00,71381612,depose,1,ETAGERE URGENCES MIR,SLOISANCE,,,,,,,,,,66102,,,,,
65579,2020-07-17 14:23:00,71380115,prise,1,AUDIT PRODUIT CARTES,BBARDOULT,,,,,,,,,,66446,,,,,
65580,2020-07-17 14:23:00,71380115,depose,1,ETAGERE URGENCES MIR,BBARDOULT,,,,,,,,,,66447,,,,,
65656,2020-07-17 15:30:00,71383838,prise,1,AUDIT PRODUIT CARTES,KGUILLARD,,,,,,,,,,66523,,,,,
65657,2020-07-17 15:30:00,71383838,depose,1,ETAGERE URGENCES MIR,KGUILLARD,,,,,,,,,,66524,,,,,
66860,2020-07-21 05:46:00,71381105,prise,1,AUDIT PRODUIT CARTES,KGUILLARD,,,,,,,,,,67743,,,,,
66861,2020-07-21 05:46:00,71381105,depose,1,ETAGERE URGENCES MIR,KGUILLARD,,,,,,,,,,67744,,,,,
66864,2020-07-21 06:29:00,71381591,prise,1,AUDIT PRODUIT CARTES,KGUILLARD,,,,,,,,,,67747,,,,,
66865,2020-07-21 06:29:00,71381591,depose,1,ETAGERE URGENCES MIR,KGUILLARD,,,,,,,,,,67748,,,,,
66874,2020-07-21 08:38:00,71378060,prise,1,AUDIT PRODUIT CARTES,BBARDOULT,,,,,,,,,,67757,,,,,
66876,2020-07-21 08:40:00,71378060,depose,1,ETAGERE URGENCES MIR,BBARDOULT,,,,,,,,,,67760,,,,,
67125,2020-07-21 11:17:00,71379569,prise,1,AUDIT PRODUIT CARTES,KGUILLARD,,,,,,,,,,68013,,,,,
67126,2020-07-21 11:17:00,71379569,depose,1,ETAGERE URGENCES MIR,KGUILLARD,,,,,,,,,,68014,,,,,
67218,2020-07-21 11:42:00,71374495,prise,1,AUDIT PRODUIT CARTES,KGUILLARD,,,,,,,,,,68106,,,,,
67219,2020-07-21 11:42:00,71374495,depose,1,ETAGERE URGENCES MIR,KGUILLARD,,,,,,,,,,68107,,,,,
67555,2020-07-21 14:41:00,71378398,prise,1,AUDIT PRODUIT CARTES,LTHOMAS,,,,,,,,,,68450,,,,,
67556,2020-07-21 14:41:00,71378398,depose,1,ETAGERE URGENCES MIR,LTHOMAS,,,,,,,,,,68451,,,,,
67816,2020-07-22 10:34:00,71386010,prise,1,AUDIT PRODUIT CARTES,KGUILLARD,,,,,,,,,,68711,,,,,
67826,2020-07-22 10:46:00,71387067,prise,1,AUDIT PRODUIT CARTES,KGUILLARD,,,,,,,,,,68721,,,,,
67827,2020-07-22 10:46:00,71387067,depose,1,ETAGERE URGENCES MIR,KGUILLARD,,,,,,,,,,68722,,,,,
68313,2020-07-22 14:05:00,71386009,prise,1,AUDIT PRODUIT CARTES,BBARDOULT,,,,,,,,,,69212,,,,,
68314,2020-07-22 14:05:00,71386009,depose,1,ETAGERE URGENCES MIR,BBARDOULT,,,,,,,,,,69213,,,,,
68364,2020-07-22 14:31:00,71390538,prise,1,AUDIT PRODUIT CARTES,BBARDOULT,,,,,,,,,,69266,,,,,
68367,2020-07-22 14:33:00,71390538,depose,1,ETAGERE URGENCES MIR,BBARDOULT,,,,,,,,,,69270,,,,,
68447,2020-07-22 15:17:00,71391060,prise,1,AUDIT PRODUIT CARTES,BBARDOULT,,,,,,,,,,69350,,,,,
68448,2020-07-22 15:17:00,71391060,depose,1,ETAGERE URGENCES MIR,BBARDOULT,,,,,,,,,,69351,,,,,
68454,2020-07-22 15:22:00,71390879,prise,1,AUDIT PRODUIT CARTES,SLOISANCE,,,,,,,,,,69359,,,,,
68455,2020-07-22 15:22:00,71390879,depose,1,ETAGERE URGENCES MIR,SLOISANCE,,,,,,,,,,69360,,,,,
68768,2020-07-23 10:00:00,60224426,prise,1,AUDIT PRODUIT CARTES,BBARDOULT,,,,,,,,,,69694,,,,,
68769,2020-07-23 10:00:00,60224426,depose,1,ETAGERE URGENCES MIR,BBARDOULT,,,,,,,,,,69695,,,,,
68850,2020-07-23 11:02:00,71367751,prise,1,AUDIT PRODUIT CARTES,KGUILLARD,,,,,,,,,,69776,,,,,
68851,2020-07-23 11:02:00,71367751,depose,1,ETAGERE URGENCES MIR,KGUILLARD,,,,,,,,,,69777,,,,,
69145,2020-07-23 13:54:00,71382995,prise,1,AUDIT PRODUIT CARTES,LTHOMAS,,,,,,,,,,70074,,,,,
69146,2020-07-23 13:54:00,71382995,depose,1,ETAGERE URGENCES MIR,LTHOMAS,,,,,,,,,,70075,,,,,
69200,2020-07-23 14:21:00,71383057,prise,1,AUDIT PRODUIT CARTES,LTHOMAS,,,,,,,,,,70129,,,,,
69201,2020-07-23 14:21:00,71383057,depose,1,ETAGERE URGENCES MIR,LTHOMAS,,,,,,,,,,70130,,,,,
69800,2020-07-24 10:36:00,71386010,depose,1,ETAGERE URGENCES MIR,KGUILLARD,,,,,,,,,,70732,,,,,
69926,2020-07-24 11:39:00,71386011,prise,1,AUDIT PRODUIT CARTES,BBARDOULT,,,,,,,,,,70858,,,,,
69927,2020-07-24 11:39:00,71386011,depose,1,ETAGERE URGENCES MIR,BBARDOULT,,,,,,,,,,70859,,,,,
70054,2020-07-24 12:23:00,71380669,prise,1,AUDIT PRODUIT CARTES,LTHOMAS,,,,,,,,,,70986,,,,,
70055,2020-07-24 12:23:00,71380669,depose,1,ETAGERE URGENCES MIR,LTHOMAS,,,,,,,,,,70987,,,,,
70244,2020-07-24 15:14:00,71342420,prise,1,AUDIT PRODUIT CARTES,SLOISANCE,,,,,,,,,,71605,,,,,
70454,2020-07-24 15:14:00,71342420,depose,1,ETAGERE URGENCES MIR,SLOISANCE,,,,,,,,,,71606,,,,,
70766,2020-07-24 16:21:00,71381101,prise,1,AUDIT PRODUIT CARTES,LTHOMAS,,,,,,,,,,71711,,,,,
70767,2020-07-24 16:21:00,71381101,depose,1,ETAGERE URGENCES MIR,LTHOMAS,,,,,,,,,,71712,,,,,
70803,2020-07-27 08:09:00,71370224,prise,1,AUDIT PRODUIT CARTES,LTHOMAS,,,,,,,,,,71748,,,,,
70804,2020-07-27 08:09:00,71370224,depose,1,ETAGERE URGENCES MIR,LTHOMAS,,,,,,,,,,71749,,,,,
71297,2020-07-27 11:28:00,71390119,prise,1,AUDIT PRODUIT CARTES,CCHALOPIN,,,,,,,,,,72243,,,,,
71298,2020-07-27 11:28:00,71390119,depose,1,ETAGERE URGENCES MIR,CCHALOPIN,,,,,,,,,,72244,,,,,
71961,2020-07-27 14:43:00,71378756,prise,1,AUDIT PRODUIT CARTES,BBARDOULT,,,,,,,,,,72905,,,,,
71962,2020-07-27 14:43:00,71378756,depose,1,ETAGERE URGENCES MIR,BBARDOULT,,,,,,,,,,72906,,,,,
71969,2020-07-27 14:51:00,71390599,prise,1,AUDIT PRODUIT CARTES,BBARDOULT,,,,,,,,,,72913,,,,,
71970,2020-07-27 14:51:00,71390599,depose,1,ETAGERE URGENCES MIR,BBARDOULT,,,,,,,,,,72914,,,,,
71975,2020-07-27 14:58:00,71378950,prise,1,AUDIT PRODUIT CARTES,CCHALOPIN,,,,,,,,,,72919,,,,,
71976,2020-07-27 14:58:00,71378950,depose,1,ETAGERE URGENCES MIR,CCHALOPIN,,,,,,,,,,72920,,,,,
72277,2020-07-28 10:31:00,71385614,prise,1,AUDIT PRODUIT CARTES,BBARDOULT,,,,,,,,,,73221,,,,,
72278,2020-07-28 10:31:00,71385614,depose,1,ETAGERE URGENCES MIR,BBARDOULT,,,,,,,,,,73222,,,,,
72545,2020-07-28 11:42:00,71386679,prise,1,AUDIT PRODUIT CARTES,BBARDOULT,,,,,,,,,,73491,,,,,
72550,2020-07-28 11:42:00,71371831,prise,1,AUDIT PRODUIT CARTES,LTHOMAS,,,,,,,,,,73497,,,,,
72551,2020-07-28 11:42:00,71371831,depose,1,ETAGERE URGENCES MIR,LTHOMAS,,,,,,,,,,73498,,,,,
72553,2020-07-28 11:43:00,71386679,depose,1,ETAGERE URGENCES MIR,BBARDOULT,,,,,,,,,,73500,,,,,
72614,2020-07-28 12:00:00,71383087,prise,1,AUDIT PRODUIT CARTES,LTHOMAS,,,,,,,,,,73561,,,,,
72615,2020-07-28 12:00:00,71383087,depose,1,ETAGERE URGENCES MIR,LTHOMAS,,,,,,,,,,73562,,,,,
74192,2020-07-29 13:36:00,71372125,prise,1,AUDIT PRODUIT CARTES,BBARDOULT,,,,,,,,,,75144,,,,,
74193,2020-07-29 13:36:00,71372125,depose,1,ETAGERE URGENCES MIR,BBARDOULT,,,,,,,,,,75145,,,,,
74198,2020-07-29 13:36:00,71363449,prise,1,AUDIT PRODUIT CARTES,BBARDOULT,,,,,,,,,,75150,,,,,
74199,2020-07-29 13:36:00,71363449,depose,1,ETAGERE URGENCES MIR,BBARDOULT,,,,,,,,,,75151,,,,,
74263,2020-07-29 13:56:00,71383036,prise,1,AUDIT PRODUIT CARTES,KGUILLARD,,,,,,,,,,75215,,,,,
74264,2020-07-29 13:56:00,71383036,depose,1,ETAGERE URGENCES MIR,KGUILLARD,,,,,,,,,,75216,,,,,
74403,2020-07-29 16:50:00,71381452,prise,1,AUDIT PRODUIT CARTES,KGUILLARD,,,,,,,,,,75357,,,,,
74404,2020-07-29 16:50:00,71381452,depose,1,ETAGERE URGENCES MIR,KGUILLARD,,,,,,,,,,75358,,,,,
74415,2020-07-30 06:30:00,71383083,prise,1,AUDIT PRODUIT CARTES,LTHOMAS,,,,,,,,,,75369,,,,,
74416,2020-07-30 06:30:00,71383083,depose,1,ETAGERE URGENCES MIR,LTHOMAS,,,,,,,,,,75370,,,,,
74417,2020-07-30 06:41:00,71386312,prise,1,AUDIT PRODUIT CARTES,LTHOMAS,,,,,,,,,,75371,,,,,
74418,2020-07-30 06:41:00,71386312,depose,1,ETAGERE URGENCES MIR,LTHOMAS,,,,,,,,,,75372,,,,,
74741,2020-07-30 11:15:00,71381973,prise,1,AUDIT PRODUIT CARTES,CCHALOPIN,,,,,,,,,,75695,,,,,
74742,2020-07-30 11:15:00,71381973,depose,1,ETAGERE URGENCES MIR,CCHALOPIN,,,,,,,,,,75696,,,,,
74873,2020-07-30 12:27:00,71366839,prise,1,AUDIT PRODUIT CARTES,LTHOMAS,,,,,,,,,,75834,,,,,
74874,2020-07-30 12:27:00,71366839,depose,1,ETAGERE URGENCES MIR,LTHOMAS,,,,,,,,,,75835,,,,,
75348,2020-07-30 15:38:00,71390156,prise,1,AUDIT PRODUIT CARTES,KGUILLARD,,,,,,,,,,76311,,,,,
75349,2020-07-30 15:38:00,71390156,depose,1,ETAGERE URGENCES MIR,KGUILLARD,,,,,,,,,,76312,,,,,
75538,2020-07-31 09:21:00,71378613,prise,1,AUDIT PRODUIT CARTES,CCHALOPIN,,,,,,,,,,76503,,,,,
75539,2020-07-31 09:21:00,71378613,depose,1,ETAGERE URGENCES MIR,CCHALOPIN,,,,,,,,,,76504,,,,,
75616,2020-07-31 09:41:00,71383091,prise,1,AUDIT PRODUIT CARTES,BBARDOULT,,,,,,,,,,76582,,,,,
75617,2020-07-31 09:41:00,71383091,depose,1,ETAGERE URGENCES MIR,BBARDOULT,,,,,,,,,,76583,,,,,
75668,2020-07-31 10:09:00,71304715,prise,1,AUDIT PRODUIT CARTES,BBARDOULT,,,,,,,,,,76634,,,,,
75669,2020-07-31 10:09:00,71304715,depose,1,ETAGERE URGENCES MIR,BBARDOULT,,,,,,,,,,76635,,,,,
75772,2020-07-31 10:29:00,71392135,prise,1,AUDIT PRODUIT CARTES,BBARDOULT,,,,,,,,,,76738,,,,,
75773,2020-07-31 10:29:00,71392135,depose,1,ETAGERE URGENCES MIR,BBARDOULT,,,,,,,,,,76739,,,,,
75793,2020-07-31 10:38:00,71387525,prise,1,AUDIT PRODUIT CARTES,BBARDOULT,,,,,,,,,,76761,,,,,
75794,2020-07-31 10:38:00,71387525,depose,1,ETAGERE URGENCES MIR,BBARDOULT,,,,,,,,,,76762,,,,,
76036,2020-07-31 12:07:00,71367883,prise,1,AUDIT PRODUIT CARTES,KGUILLARD,,,,,,,,,,77006,,,,,
76037,2020-07-31 12:07:00,71367883,depose,1,ETAGERE URGENCES MIR,KGUILLARD,,,,,,,,,,77007,,,,,
76042,2020-07-31 12:12:00,71382988,prise,1,AUDIT PRODUIT CARTES,KGUILLARD,,,,,,,,,,77012,,,,,
76043,2020-07-31 12:12:00,71382988,depose,1,ETAGERE URGENCES MIR,KGUILLARD,,,,,,,,,,77013,,,,,
76426,2020-07-31 15:06:00,71386308,prise,1,AUDIT PRODUIT CARTES,CCHALOPIN,,,,,,,,,,77399,,,,,
76427,2020-07-31 15:06:00,71386308,depose,1,ETAGERE URGENCES MIR,CCHALOPIN,,,,,,,,,,77400,,,,,
77278,2020-08-10 13:25:00,71395990,prise,1,AUDIT PRODUIT CARTES,BBARDOULT,,,,,,,,,,78255,,,,,
77279,2020-08-10 13:25:00,71395990,depose,1,ETAGERE URGENCES MIR,BBARDOULT,,,,,,,,,,78256,,,,,
77934,2020-08-11 09:06:00,71364466,prise,1,AUDIT PRODUIT CARTES,CCHALOPIN,,,,,,,,,,78917,,,,,
78288,2020-08-11 14:16:00,71387057,prise,1,AUDIT PRODUIT CARTES,BBARDOULT,,,,,,,,,,79273,,,,,
78289,2020-08-11 14:16:00,71387057,depose,1,ETAGERE URGENCES MIR,BBARDOULT,,,,,,,,,,79274,,,,,
78325,2020-08-11 14:31:00,71387063,prise,1,AUDIT PRODUIT CARTES,LLEDUC,,,,,,,,,,79310,,,,,
78326,2020-08-11 14:31:00,71387063,depose,1,ETAGERE URGENCES MIR,LLEDUC,,,,,,,,,,79311,,,,,
78733,2020-08-12 09:41:00,71393260,prise,1,AUDIT PRODUIT CARTES,VTRUBLET,,,,,,,,,,79723,,,,,
78734,2020-08-12 09:41:00,71393260,depose,1,ETAGERE URGENCES MIR,VTRUBLET,,,,,,,,,,79724,,,,,
79396,2020-08-12 15:50:00,71382990,prise,1,AUDIT PRODUIT CARTES,MVEILLARD,,,,,,,,,,80387,,,,,
79397,2020-08-12 15:50:00,71382990,depose,1,ETAGERE URGENCES MIR,MVEILLARD,,,,,,,,,,80388,,,,,
79645,2020-08-13 10:39:00,71349600,prise,1,AUDIT PRODUIT CARTES,LLEDUC,,,,,,,,,,80637,,,,,
79646,2020-08-13 10:39:00,71349600,depose,1,ETAGERE URGENCES MIR,LLEDUC,,,,,,,,,,80638,,,,,
79650,2020-08-13 10:44:00,71374994,prise,1,AUDIT PRODUIT CARTES,CCHALOPIN,,,,,,,,,,80642,,,,,
79651,2020-08-13 10:44:00,71374994,depose,1,ETAGERE URGENCES MIR,CCHALOPIN,,,,,,,,,,80643,,,,,
80758,2020-08-17 06:11:00,71381610,prise,1,AUDIT PRODUIT CARTES,LLEDUC,,,,,,,,,,81760,,,,,
80759,2020-08-17 06:11:00,71381610,depose,1,ETAGERE URGENCES MIR,LLEDUC,,,,,,,,,,81761,,,,,
80959,2020-08-17 10:29:00,71374995,prise,1,AUDIT PRODUIT CARTES,CCHALOPIN,,,,,,,,,,81961,,,,,
80960,2020-08-17 10:29:00,71374995,depose,1,ETAGERE URGENCES MIR,CCHALOPIN,,,,,,,,,,81962,,,,,
81391,2020-08-17 14:26:00,71370717,prise,1,AUDIT PRODUIT CARTES,CCHALOPIN,,,,,,,,,,82397,,,,,
81392,2020-08-17 14:26:00,71370717,depose,1,ETAGERE URGENCES MIR,CCHALOPIN,,,,,,,,,,82398,,,,,
81437,2020-08-17 14:37:00,71362285,prise,1,AUDIT PRODUIT CARTES,CCHALOPIN,,,,,,,,,,82443,,,,,
81438,2020-08-17 14:37:00,71362285,depose,1,ETAGERE URGENCES MIR,CCHALOPIN,,,,,,,,,,82444,,,,,
81487,2020-08-17 14:42:00,71367752,prise,1,AUDIT PRODUIT CARTES,CCHALOPIN,,,,,,,,,,82492,,,,,
81488,2020-08-17 14:42:00,71367752,depose,1,ETAGERE URGENCES MIR,CCHALOPIN,,,,,,,,,,82493,,,,,
81557,2020-08-17 15:39:00,71364466,depose,1,ETAGERE URGENCES MIR,CCHALOPIN,,,,,,,,,,82563,,,,,
82128,2020-08-18 13:07:00,71379633,prise,1,AUDIT PRODUIT CARTES,CCHALOPIN,,,,,,,,,,83137,,,,,
82129,2020-08-18 13:07:00,71379633,depose,1,ETAGERE URGENCES MIR,CCHALOPIN,,,,,,,,,,83138,,,,,
82412,2020-08-18 16:06:00,71356127,prise,1,AUDIT PRODUIT CARTES,CCHALOPIN,,,,,,,,,,83424,,,,,
82413,2020-08-18 16:06:00,71356127,depose,1,ETAGERE URGENCES MIR,CCHALOPIN,,,,,,,,,,83425,,,,,
82598,2020-08-19 10:11:00,71389253,prise,1,AUDIT PRODUIT CARTES,LLEDUC,,,,,,,,,,83610,,,,,
82599,2020-08-19 10:11:00,71389253,depose,1,ETAGERE URGENCES MIR,LLEDUC,,,,,,,,,,83611,,,,,
82839,2020-08-19 11:43:00,71391152,prise,1,AUDIT PRODUIT CARTES,LLEDUC,,,,,,,,,,83852,,,,,
82840,2020-08-19 11:43:00,71391152,depose,1,ETAGERE URGENCES MIR,LLEDUC,,,,,,,,,,83853,,,,,
83636,2020-08-20 11:43:00,71378612,prise,1,AUDIT PRODUIT CARTES,LLEDUC,,,,,,,,,,84649,,,,,
83637,2020-08-20 11:43:00,71378612,depose,1,ETAGERE URGENCES MIR,LLEDUC,,,,,,,,,,84650,,,,,
85176,2020-08-24 08:37:00,71389094,prise,1,AUDIT PRODUIT CARTES,CCHALOPIN,,,,,,,,,,86206,,,,,
85177,2020-08-24 08:37:00,71389094,depose,1,ETAGERE URGENCES MIR,CCHALOPIN,,,,,,,,,,86207,,,,,
86987,2020-08-25 15:33:00,71387523,prise,1,AUDIT PRODUIT CARTES,SLOISANCE,,,,,,,,,,88024,,,,,
87013,2020-08-25 15:41:00,71387523,depose,1,ETAGERE URGENCES MIR,SLOISANCE,,,,,,,,,,88050,,,,,
88010,2020-08-26 15:56:00,71364054,prise,1,AUDIT PRODUIT CARTES,CCHALOPIN,,,,,,,,,,89047,,,,,
88011,2020-08-26 15:56:00,71364054,depose,1,ETAGERE URGENCES MIR,CCHALOPIN,,,,,,,,,,89048,,,,,
89870,2020-08-31 07:59:00,71389082,prise,1,AUDIT PRODUIT CARTES,KGUILLARD,,,,,,,,,,90911,,,,,
89871,2020-08-31 07:59:00,71389082,depose,1,ETAGERE URGENCES MIR,KGUILLARD,,,,,,,,,,90912,,,,,
90135,2020-08-31 11:13:00,71382214,prise,1,AUDIT PRODUIT CARTES,SLOISANCE,,,,,,,,,,91178,,,,,
90136,2020-08-31 11:13:00,71382214,depose,1,ETAGERE URGENCES MIR,SLOISANCE,,,,,,,,,,91179,,,,,
92326,2020-09-02 06:56:00,71391169,prise,1,AUDIT PRODUIT CARTES,KGUILLARD,,,,,,,,,,93374,,,,,
92327,2020-09-02 06:56:00,71391169,depose,1,ETAGERE URGENCES MIR,KGUILLARD,,,,,,,,,,93375,,,,,
93133,2020-09-02 14:23:00,71360876,prise,1,AUDIT PRODUIT CARTES,LTHOMAS,,,,,,,,,,94180,,,,,
93134,2020-09-02 14:23:00,71360876,depose,1,ETAGERE URGENCES MIR,LTHOMAS,,,,,,,,,,94181,,,,,
93471,2020-09-02 20:00:00,71377041,prise,1,AUDIT PRODUIT CARTES,JPRIOUL,,,,,,,,,,94520,,,,,
93746,2020-09-03 11:02:00,71364055,prise,1,AUDIT PRODUIT CARTES,SLEFOUL,,,,,,,,,,94794,,,,,
93773,2020-09-03 11:23:00,71382284,prise,1,AUDIT PRODUIT CARTES,VTRUBLET,,,,,,,,,,94823,,,,,
93774,2020-09-03 11:23:00,71382284,depose,1,ETAGERE URGENCES MIR,VTRUBLET,,,,,,,,,,94824,,,,,
95632,2020-09-04 16:28:00,71327347,prise,1,AUDIT PRODUIT CARTES,JPRIOUL,,,,,,,,,,96694,,,,,
95633,2020-09-04 16:28:00,71327347,depose,1,ETAGERE URGENCES MIR,JPRIOUL,,,,,,,,,,96695,,,,,
95689,2020-09-07 09:39:00,71364053,prise,1,AUDIT PRODUIT CARTES,BBARDOULT,,,,,,,,,,96751,,,,,
95690,2020-09-07 09:39:00,71364053,depose,1,ETAGERE URGENCES MIR,BBARDOULT,,,,,,,,,,96752,,,,,
95745,2020-09-07 09:56:00,71393334,prise,1,AUDIT PRODUIT CARTES,BBARDOULT,,,,,,,,,,96807,,,,,
95746,2020-09-07 09:56:00,71393334,depose,1,ETAGERE URGENCES MIR,BBARDOULT,,,,,,,,,,96808,,,,,
96384,2020-09-07 14:27:00,71391066,prise,1,AUDIT PRODUIT CARTES,BBARDOULT,,,,,,,,,,97445,,,,,
96385,2020-09-07 14:27:00,71391066,depose,1,ETAGERE URGENCES MIR,BBARDOULT,,,,,,,,,,97446,,,,,
97083,2020-09-08 13:05:19,71381614,prise,6,AUDIT PRODUIT CARTES,SLOISANCE,,,,,,,,,,98157,,,,,
97084,2020-09-08 13:05:19,71381614,depose,6,ETAGERE URGENCES MIR,SLOISANCE,,,,,,,,,,98158,,,,,
97284,2020-09-08 14:15:03,71400262,prise,2,AUDIT PRODUIT CARTES,SLOISANCE,,,,,,,,,,98360,,,,,
97285,2020-09-08 14:15:03,71400262,depose,2,ETAGERE URGENCES MIR,SLOISANCE,,,,,,,,,,98361,,,,,
98225,2020-09-09 13:16:16,71390966,prise,10,AUDIT PRODUIT CARTES,LLEDUC,,,,,,,,,,99304,,,,,
98226,2020-09-09 13:16:16,71390966,depose,10,ETAGERE URGENCES MIR,LLEDUC,,,,,,,,,,99305,,,,,
98752,2020-09-09 16:14:08,71393367,prise,1,AUDIT PRODUIT CARTES,CCHALOPIN,,,,,,,,,,99830,,,,,
98753,2020-09-09 16:14:08,71393367,depose,1,ETAGERE URGENCES MIR,CCHALOPIN,,,,,,,,,,99831,,,,,
98856,2020-09-09 17:52:57,71394943,prise,5,AUDIT PRODUIT CARTES,LLEDUC,,,,,,,,,,99934,,,,,
98857,2020-09-09 17:52:57,71394943,depose,5,ETAGERE URGENCES MIR,LLEDUC,,,,,,,,,,99935,,,,,
98858,2020-09-09 18:18:27,71374582,prise,15,AUDIT PRODUIT CARTES,LLEDUC,,,,,,,,,,99936,,,,,
98859,2020-09-09 18:18:27,71374582,depose,15,ETAGERE URGENCES MIR,LLEDUC,,,,,,,,,,99937,,,,,
99490,2020-09-10 14:20:07,71393379,prise,4,AUDIT PRODUIT CARTES,SLEFOUL,,,,,,,,,,100575,,,,,
99940,2020-09-10 16:15:24,71377041,depose,11,ETAGERE URGENCES MIR,KGUILLARD,,,,,,,,,,101028,,,,,
100033,2020-09-10 17:06:22,71382989,prise,7,AUDIT PRODUIT CARTES,KGUILLARD,,,,,,,,,,101120,,,,,
100034,2020-09-10 17:06:22,71382989,depose,7,ETAGERE URGENCES MIR,KGUILLARD,,,,,,,,,,101121,,,,,
100201,2020-09-11 10:27:02,71375900,prise,1,AUDIT PRODUIT CARTES,CCHALOPIN,,,,,,,,,,101288,,,,,
100202,2020-09-11 10:27:02,71375900,depose,1,ETAGERE URGENCES MIR,CCHALOPIN,,,,,,,,,,101289,,,,,
100662,2020-09-11 14:04:25,71389083,prise,1,AUDIT PRODUIT CARTES,CCHALOPIN,,,,,,,,,,101755,,,,,
100663,2020-09-11 14:04:00,71389083,depose,1,ETAGERE URGENCES MIR,CCHALOPIN,,,,,,,,,,101756,,,,,
100994,2020-09-14 06:22:22,71376899,prise,16,AUDIT PRODUIT CARTES,KGUILLARD,,,,,,,,,,102088,,,,,
100995,2020-09-14 06:22:22,71376899,depose,16,ETAGERE URGENCES MIR,KGUILLARD,,,,,,,,,,102089,,,,,
101170,2020-09-14 10:46:45,71382878,prise,6,AUDIT PRODUIT CARTES,KGUILLARD,,,,,,,,,,102266,,,,,
101171,2020-09-14 10:46:45,71382878,depose,6,ETAGERE URGENCES MIR,KGUILLARD,,,,,,,,,,102267,,,,,
101673,2020-09-14 13:40:08,71364055,depose,1,ETAGERE URGENCES MIR,BBARDOULT,,,,,,,,,,102772,,,,,
102805,2020-09-15 13:06:16,71391810,prise,1,AUDIT PRODUIT CARTES,CCHALOPIN,,,,,,,,,,103908,,,,,
102806,2020-09-15 13:06:00,71391810,depose,1,ETAGERE URGENCES MIR,CCHALOPIN,,,,,,,,,,103909,,,,,
103203,2020-09-16 05:50:59,71389627,prise,4,AUDIT PRODUIT CARTES,LLEDUC,,,,,,,,,,104309,,,,,
103204,2020-09-16 05:50:59,71389627,depose,4,ETAGERE URGENCES MIR,LLEDUC,,,,,,,,,,104310,,,,,
103276,2020-09-16 09:38:20,71399485,prise,18,AUDIT PRODUIT CARTES,SLOISANCE,,,,,,,,,,104382,,,,,
103277,2020-09-16 09:38:20,71399485,depose,18,ETAGERE URGENCES MIR,SLOISANCE,,,,,,,,,,104383,,,,,
104302,2020-09-17 07:40:14,71393746,prise,2,AUDIT PRODUIT CARTES,LLEDUC,,,,,,,,,,105409,,,,,
104303,2020-09-17 07:40:14,71393746,depose,2,ETAGERE URGENCES MIR,LLEDUC,,,,,,,,,,105410,,,,,
105061,2020-09-17 15:48:21,71381581,prise,2,AUDIT PRODUIT CARTES,JPRIOUL,,,,,,,,,,106168,,,,,
105062,2020-09-17 15:48:21,71381581,depose,2,ETAGERE URGENCES MIR,JPRIOUL,,,,,,,,,,106169,,,,,
105086,2020-09-17 16:01:41,71394979,prise,1,AUDIT PRODUIT CARTES,BBARDOULT,,,,,,,,,,106193,,,,,
105087,2020-09-17 16:01:41,71394979,depose,1,ETAGERE URGENCES MIR,BBARDOULT,,,,,,,,,,106194,,,,,
105912,2020-09-18 13:55:12,71397612,prise,24,AUDIT PRODUIT CARTES,SLOISANCE,,,,,,,,,,107023,,,,,
105913,2020-09-18 13:55:12,71397612,depose,24,ETAGERE URGENCES MIR,SLOISANCE,,,,,,,,,,107024,,,,,
105938,2020-09-18 14:03:48,71396788,prise,24,AUDIT PRODUIT CARTES,SLOISANCE,,,,,,,,,,107050,,,,,
105939,2020-09-18 14:03:48,71396788,depose,24,ETAGERE URGENCES MIR,SLOISANCE,,,,,,,,,,107051,,,,,
107246,2020-09-21 15:12:35,71395782,prise,24,AUDIT PRODUIT CARTES,SLOISANCE,,,,,,,,,,108360,,,,,
107247,2020-09-21 15:12:35,71395782,depose,24,ETAGERE URGENCES MIR,SLOISANCE,,,,,,,,,,108361,,,,,
107445,2020-09-21 18:07:13,71398426,prise,9,AUDIT PRODUIT CARTES,KGUILLARD,,,,,,,,,,108559,,,,,
107446,2020-09-21 18:07:13,71398426,depose,9,ETAGERE URGENCES MIR,KGUILLARD,,,,,,,,,,108560,,,,,
107531,2020-09-22 09:25:22,71380972,prise,19,AUDIT PRODUIT CARTES,LTHOMAS,,,,,,,,,,108645,,,,,
107532,2020-09-22 09:25:22,71380972,depose,19,ETAGERE URGENCES MIR,LTHOMAS,,,,,,,,,,108646,,,,,
109963,2020-09-24 10:33:04,71393753,prise,3,AUDIT PRODUIT CARTES,SLEFOUL,,,,,,,,,,111087,,,,,
109964,2020-09-24 10:33:04,71393753,depose,3,ETAGERE URGENCES MIR,SLEFOUL,,,,,,,,,,111088,,,,,
109994,2020-09-24 10:57:28,71398732,prise,24,AUDIT PRODUIT CARTES,SLEFOUL,,,,,,,,,,111118,,,,,
109995,2020-09-24 10:57:28,71398732,depose,24,ETAGERE URGENCES MIR,SLEFOUL,,,,,,,,,,111119,,,,,
110492,2020-09-24 13:27:02,71398701,prise,6,AUDIT PRODUIT CARTES,LLEDUC,,,,,,,,,,111616,,,,,
110494,2020-09-24 13:27:34,71398701,depose,6,ETAGERE URGENCES MIR,LLEDUC,,,,,,,,,,111619,,,,,
110999,2020-09-24 18:01:15,71398675,prise,24,AUDIT PRODUIT CARTES,KGUILLARD,,,,,,,,,,112125,,,,,
111000,2020-09-24 18:01:15,71398675,depose,24,ETAGERE URGENCES MIR,KGUILLARD,,,,,,,,,,112126,,,,,
111159,2020-09-25 09:54:08,71398731,prise,1,AUDIT PRODUIT CARTES,BBARDOULT,,,,,,,,,,112285,,,,,
111160,2020-09-25 09:54:08,71398731,depose,1,ETAGERE URGENCES MIR,BBARDOULT,,,,,,,,,,112286,,,,,
111459,2020-09-25 11:39:53,71395145,prise,4,AUDIT PRODUIT CARTES,LLEDUC,,,,,,,,,,112586,,,,,
111460,2020-09-25 11:39:53,71395145,depose,4,ETAGERE URGENCES MIR,LLEDUC,,,,,,,,,,112587,,,,,
111474,2020-09-25 11:43:17,71386241,prise,1,AUDIT PRODUIT CARTES,CCHALOPIN,,,,,,,,,,112601,,,,,
111475,2020-09-25 11:43:17,71386241,depose,1,ETAGERE URGENCES MIR,CCHALOPIN,,,,,,,,,,112602,,,,,
111738,2020-09-25 13:33:03,71399468,prise,1,AUDIT PRODUIT CARTES,BBARDOULT,,,,,,,,,,112867,,,,,
111739,2020-09-25 13:33:03,71399468,depose,1,ETAGERE URGENCES MIR,BBARDOULT,,,,,,,,,,112868,,,,,
112204,2020-09-28 09:15:00,71394011,prise,1,AUDIT PRODUIT CARTES,VTRUBLET,,,,,,,,,,113336,,,,,
112205,2020-09-28 09:15:00,71394011,depose,1,ETAGERE URGENCES MIR,VTRUBLET,,,,,,,,,,113337,,,,,
112964,2020-09-28 14:15:53,71397611,prise,24,AUDIT PRODUIT CARTES,SLOISANCE,,,,,,,,,,114102,,,,,
112965,2020-09-28 14:15:53,71397611,depose,24,ETAGERE URGENCES MIR,SLOISANCE,,,,,,,,,,114103,,,,,
113934,2020-09-29 13:15:55,71372481,prise,1,AUDIT PRODUIT CARTES,BBARDOULT,,,,,,,,,,115072,,,,,
113935,2020-09-29 13:15:55,71372481,depose,1,ETAGERE URGENCES MIR,BBARDOULT,,,,,,,,,,115073,,,,,
115365,2020-09-30 13:22:50,71393379,depose,1,ETAGERE URGENCES MIR,LTHOMAS,,,,,,,,,,116517,,,,,
115373,2020-09-30 13:47:30,71381517,prise,3,AUDIT PRODUIT CARTES,LTHOMAS,,,,,,,,,,116527,,,,,
115374,2020-09-30 13:47:30,71381517,depose,3,ETAGERE URGENCES MIR,LTHOMAS,,,,,,,,,,116528,,,,,
115399,2020-09-30 14:02:58,71382281,prise,10,AUDIT PRODUIT CARTES,SLOISANCE,,,,,,,,,,116555,,,,,
115400,2020-09-30 14:02:58,71382281,depose,10,ETAGERE URGENCES MIR,SLOISANCE,,,,,,,,,,116556,,,,,
115709,2020-09-30 15:24:24,21449996,prise,1,AUDIT PRODUIT CARTES,LTHOMAS,,,,,,,,,,116871,,,,,
115710,2020-09-30 15:24:24,21449996,depose,1,ETAGERE URGENCES MIR,LTHOMAS,,,,,,,,,,116872,,,,,
117299,2020-10-02 07:08:37,71390630,prise,10,AUDIT PRODUIT CARTES,LLEDUC,,,,,,,,,,118465,,,,,
117300,2020-10-02 07:08:37,71390630,depose,10,ETAGERE URGENCES MIR,LLEDUC,,,,,,,,,,118466,,,,,
118083,2020-10-02 14:04:15,71380140,prise,1,AUDIT PRODUIT CARTES,CCHALOPIN,,,,,,,,,,119253,,,,,
118084,2020-10-02 14:04:15,71380140,depose,1,ETAGERE URGENCES MIR,CCHALOPIN,,,,,,,,,,119254,,,,,
118370,2020-10-02 15:50:31,71392307,prise,1,AUDIT PRODUIT CARTES,CCHALOPIN,,,,,,,,,,119539,,,,,
118371,2020-10-02 15:50:31,71392307,depose,1,ETAGERE URGENCES MIR,CCHALOPIN,,,,,,,,,,119540,,,,,
118378,2020-10-02 15:53:03,71397755,prise,1,AUDIT PRODUIT CARTES,BBARDOULT,,,,,,,,,,119547,,,,,
118379,2020-10-02 15:53:03,71397755,depose,1,ETAGERE URGENCES MIR,BBARDOULT,,,,,,,,,,119548,,,,,
118492,2020-10-05 08:29:43,71285109,prise,3,AUDIT PRODUIT CARTES,SLOISANCE,,,,,,,,,,119663,,,,,
118493,2020-10-05 08:29:43,71285109,depose,3,ETAGERE URGENCES MIR,SLOISANCE,,,,,,,,,,119664,,,,,
118789,2020-10-05 11:35:46,71396808,prise,1,AUDIT PRODUIT CARTES,VTRUBLET,,,,,,,,,,119962,,,,,
118790,2020-10-05 11:35:46,71396808,depose,1,ETAGERE URGENCES MIR,VTRUBLET,,,,,,,,,,119963,,,,,
120084,2020-10-06 11:27:31,71401776,prise,2,AUDIT PRODUIT CARTES,MVEILLARD,,,,,,,,,,121259,,,,,
120085,2020-10-06 11:27:31,71401776,depose,2,ETAGERE URGENCES MIR,MVEILLARD,,,,,,,,,,121260,,,,,
120942,2020-10-07 10:08:58,71400035,prise,1,AUDIT PRODUIT CARTES,BBARDOULT,,,,,,,,,,122126,,,,,
120943,2020-10-07 10:08:58,71400035,depose,1,ETAGERE URGENCES MIR,BBARDOULT,,,,,,,,,,122127,,,,,
120960,2020-10-07 10:19:17,71368645,prise,1,AUDIT PRODUIT CARTES,VTRUBLET,,,,,,,,,,122144,,,,,
120961,2020-10-07 10:19:17,71368645,depose,1,ETAGERE URGENCES MIR,VTRUBLET,,,,,,,,,,122145,,,,,
121373,2020-10-07 13:16:22,71382848,prise,1,AUDIT PRODUIT CARTES,BBARDOULT,,,,,,,,,,122560,,,,,
121374,2020-10-07 13:16:22,71382848,depose,1,ETAGERE URGENCES MIR,BBARDOULT,,,,,,,,,,122561,,,,,
121427,2020-10-07 13:58:06,71377868,prise,1,AUDIT PRODUIT CARTES,VTRUBLET,,,,,,,,,,122616,,,,,
121428,2020-10-07 13:58:06,71377868,depose,1,ETAGERE URGENCES MIR,VTRUBLET,,,,,,,,,,122617,,,,,
121863,2020-10-07 16:38:22,71357641,prise,5,AUDIT PRODUIT CARTES,KGUILLARD,,,,,,,,,,123059,,,,,
121864,2020-10-07 16:38:22,71357641,depose,5,ETAGERE URGENCES MIR,KGUILLARD,,,,,,,,,,123060,,,,,
122184,2020-10-08 11:08:31,71400600,prise,1,AUDIT PRODUIT CARTES,CCHALOPIN,,,,,,,,,,123381,,,,,
122185,2020-10-08 11:08:31,71400600,depose,1,ETAGERE URGENCES MIR,CCHALOPIN,,,,,,,,,,123382,,,,,
123202,2020-10-08 20:28:22,71400817,prise,5,AUDIT PRODUIT CARTES,LLEDUC,,,,,,,,,,124405,,,,,
123203,2020-10-08 20:28:22,71400817,depose,5,ETAGERE URGENCES MIR,LLEDUC,,,,,,,,,,124406,,,,,
123210,2020-10-09 05:58:45,71400816,prise,5,AUDIT PRODUIT CARTES,LTHOMAS,,,,,,,,,,124413,,,,,
123211,2020-10-09 05:58:45,71400816,depose,5,ETAGERE URGENCES MIR,LTHOMAS,,,,,,,,,,124414,,,,,
123786,2020-10-09 13:29:18,71402451,prise,1,AUDIT PRODUIT CARTES,BBARDOULT,,,,,,,,,,124991,,,,,
123787,2020-10-09 13:29:18,71402451,depose,1,ETAGERE URGENCES MIR,BBARDOULT,,,,,,,,,,124992,,,,,
123826,2020-10-09 13:54:02,71399365,prise,1,AUDIT PRODUIT CARTES,BBARDOULT,,,,,,,,,,125031,,,,,
123827,2020-10-09 13:54:02,71399365,depose,1,ETAGERE URGENCES MIR,BBARDOULT,,,,,,,,,,125032,,,,,
124997,2020-10-12 13:50:40,71391491,prise,5,AUDIT PRODUIT CARTES,SLOISANCE,,,,,,,,,,126203,,,,,
124998,2020-10-12 13:50:40,71391491,depose,5,ETAGERE URGENCES MIR,SLOISANCE,,,,,,,,,,126204,,,,,
125009,2020-10-12 14:01:24,71392171,prise,1,AUDIT PRODUIT CARTES,BBARDOULT,,,,,,,,,,126215,,,,,
125010,2020-10-12 14:01:24,71392171,depose,1,ETAGERE URGENCES MIR,BBARDOULT,,,,,,,,,,126216,,,,,
125450,2020-10-12 16:49:02,71390547,prise,5,AUDIT PRODUIT CARTES,JPRIOUL,,,,,,,,,,126656,,,,,
125451,2020-10-12 16:49:02,71390547,depose,5,ETAGERE URGENCES MIR,JPRIOUL,,,,,,,,,,126657,,,,,
125575,2020-10-13 09:10:25,71395146,prise,4,AUDIT PRODUIT CARTES,SLOISANCE,,,,,,,,,,126786,,,,,
125576,2020-10-13 09:10:25,71395146,depose,4,ETAGERE URGENCES MIR,SLOISANCE,,,,,,,,,,126787,,,,,
125777,2020-10-13 11:10:31,71401379,prise,1,AUDIT PRODUIT CARTES,BBARDOULT,,,,,,,,,,126988,,,,,
125778,2020-10-13 11:10:31,71401379,depose,1,ETAGERE URGENCES MIR,BBARDOULT,,,,,,,,,,126989,,,,,
126176,2020-10-13 13:00:56,71370821,prise,1,AUDIT PRODUIT CARTES,BBARDOULT,,,,,,,,,,127388,,,,,
126244,2020-10-13 14:03:50,71395747,prise,2,AUDIT PRODUIT CARTES,SLEFOUL,,,,,,,,,,127456,,,,,
126246,2020-10-13 14:04:24,71395747,depose,2,ETAGERE URGENCES MIR,SLEFOUL,,,,,,,,,,127459,,,,,
127429,2020-10-14 14:04:12,71398204,prise,4,AUDIT PRODUIT CARTES,MVEILLARD,,,,,,,,,,128652,,,,,
127430,2020-10-14 14:04:12,71398204,depose,4,ETAGERE URGENCES MIR,MVEILLARD,,,,,,,,,,128653,,,,,
127547,2020-10-14 14:47:40,71393018,prise,3,AUDIT PRODUIT CARTES,MVEILLARD,,,,,,,,,,128770,,,,,
127548,2020-10-14 14:47:40,71393018,depose,3,ETAGERE URGENCES MIR,MVEILLARD,,,,,,,,,,128771,,,,,
128413,2020-10-15 12:29:27,71400557,prise,24,AUDIT PRODUIT CARTES,KGUILLARD,,,,,,,,,,129645,,,,,
128414,2020-10-15 12:29:27,71400557,depose,24,ETAGERE URGENCES MIR,KGUILLARD,,,,,,,,,,129646,,,,,
128495,2020-10-15 13:00:27,71395753,prise,2,AUDIT PRODUIT CARTES,SLOISANCE,,,,,,,,,,129726,,,,,
128496,2020-10-15 13:00:27,71395753,depose,2,ETAGERE URGENCES MIR,SLOISANCE,,,,,,,,,,129727,,,,,
128562,2020-10-15 13:57:45,71405795,prise,24,AUDIT PRODUIT CARTES,JPRIOUL,,,,,,,,,,129792,,,,,
128563,2020-10-15 13:57:45,71405795,depose,24,ETAGERE URGENCES MIR,JPRIOUL,,,,,,,,,,129793,,,,,
129026,2020-10-16 05:02:35,71395752,prise,10,AUDIT PRODUIT CARTES,KGUILLARD,,,,,,,,,,130259,,,,,
129027,2020-10-16 05:02:35,71395752,depose,10,ETAGERE URGENCES MIR,KGUILLARD,,,,,,,,,,130260,,,,,
129198,2020-10-16 09:49:42,71400511,prise,1,AUDIT PRODUIT CARTES,BBARDOULT,,,,,,,,,,130433,,,,,
129199,2020-10-16 09:49:42,71400511,depose,1,ETAGERE URGENCES MIR,BBARDOULT,,,,,,,,,,130434,,,,,
129226,2020-10-16 09:56:49,71409120,prise,1,AUDIT PRODUIT CARTES,LLEDUC,,,,,,,,,,130461,,,,,
129227,2020-10-16 09:56:49,71409120,depose,1,ETAGERE URGENCES MIR,LLEDUC,,,,,,,,,,130462,,,,,
129284,2020-10-16 10:48:35,71390553,prise,1,AUDIT PRODUIT CARTES,MVANNIER,,,,,,,,,,130519,,,,,
129800,2020-10-16 13:24:00,71380503,prise,1,AUDIT PRODUIT CARTES,BBARDOULT,,,,,,,,,,131038,,,,,
129801,2020-10-16 13:24:00,71380503,depose,1,ETAGERE URGENCES MIR,BBARDOULT,,,,,,,,,,131039,,,,,
130530,2020-10-19 11:09:06,71393015,prise,12,AUDIT PRODUIT CARTES,JPRIOUL,,,,,,,,,,131767,,,,,
130531,2020-10-19 11:09:06,71393015,depose,12,ETAGERE URGENCES MIR,JPRIOUL,,,,,,,,,,131768,,,,,
131655,2020-10-20 11:12:46,71392050,prise,1,AUDIT PRODUIT CARTES,CCHALOPIN,,,,,,,,,,133160,,,,,
131663,2020-10-20 11:17:32,71392050,depose,1,ETAGERE URGENCES MIR,CCHALOPIN,,,,,,,,,,133169,,,,,
131999,2020-10-20 13:31:19,71396853,prise,1,AUDIT PRODUIT CARTES,LLEDUC,,,,,,,,,,133518,,,,,
132000,2020-10-20 13:31:19,71396853,depose,1,ETAGERE URGENCES MIR,LLEDUC,,,,,,,,,,133519,,,,,
132041,2020-10-20 14:09:25,71392703,prise,5,AUDIT PRODUIT CARTES,SLEFOUL,,,,,,,,,,133560,,,,,
132042,2020-10-20 14:09:25,71392703,depose,5,ETAGERE URGENCES MIR,SLEFOUL,,,,,,,,,,133561,,,,,
132110,2020-10-20 14:38:05,71399922,prise,4,AUDIT PRODUIT CARTES,SLEFOUL,,,,,,,,,,133629,,,,,
132111,2020-10-20 14:38:05,71399922,depose,4,ETAGERE URGENCES MIR,SLEFOUL,,,,,,,,,,133630,,,,,
132387,2020-10-20 16:00:50,71396132,prise,18,AUDIT PRODUIT CARTES,LLEDUC,,,,,,,,,,133916,,,,,
132388,2020-10-20 16:00:50,71396132,depose,18,ETAGERE URGENCES MIR,LLEDUC,,,,,,,,,,133917,,,,,
132409,2020-10-20 16:14:20,71410981,prise,2,AUDIT PRODUIT CARTES,LLEDUC,,,,,,,,,,133938,,,,,
132410,2020-10-20 16:14:20,71410981,depose,2,ETAGERE URGENCES MIR,LLEDUC,,,,,,,,,,133939,,,,,
132414,2020-10-20 16:22:01,71401432,prise,1,AUDIT PRODUIT CARTES,LLEDUC,,,,,,,,,,133943,,,,,
132415,2020-10-20 16:22:01,71401432,depose,1,ETAGERE URGENCES MIR,LLEDUC,,,,,,,,,,133944,,,,,
133472,2020-10-21 18:16:18,71386840,prise,8,AUDIT PRODUIT CARTES,KGUILLARD,,,,,,,,,,135000,,,,,
133473,2020-10-21 18:16:18,71386840,depose,8,ETAGERE URGENCES MIR,KGUILLARD,,,,,,,,,,135001,,,,,
134587,2020-10-22 16:05:33,71401784,prise,1,AUDIT PRODUIT CARTES,LLEDUC,,,,,,,,,,136119,,,,,
134588,2020-10-22 16:05:33,71401784,depose,1,ETAGERE URGENCES MIR,LLEDUC,,,,,,,,,,136120,,,,,
134633,2020-10-22 17:51:55,71401778,prise,2,AUDIT PRODUIT CARTES,LLEDUC,,,,,,,,,,136165,,,,,
134634,2020-10-22 17:51:55,71401778,depose,2,ETAGERE URGENCES MIR,LLEDUC,,,,,,,,,,136166,,,,,
134695,2020-10-23 09:31:28,71404167,prise,39,AUDIT PRODUIT CARTES,SLEFOUL,,,,,,,,,,136227,,,,,
134696,2020-10-23 09:31:28,71404167,depose,39,ETAGERE URGENCES MIR,SLEFOUL,,,,,,,,,,136228,,,,,
135014,2020-10-23 11:07:22,71395734,prise,1,AUDIT PRODUIT CARTES,CCHALOPIN,,,,,,,,,,136545,,,,,
135015,2020-10-23 11:07:22,71395734,depose,1,ETAGERE URGENCES MIR,CCHALOPIN,,,,,,,,,,136546,,,,,
135166,2020-10-23 11:41:08,71380182,prise,1,AUDIT PRODUIT CARTES,MVANNIER,,,,,,,,,,136699,,,,,
135542,2020-10-23 12:56:27,71411053,prise,1,AUDIT PRODUIT CARTES,KGUILLARD,,,,,,,,,,137075,,,,,
135543,2020-10-23 12:56:27,71411053,depose,1,ETAGERE URGENCES MIR,KGUILLARD,,,,,,,,,,137076,,,,,
136957,2020-10-26 15:52:35,71408760,prise,1,AUDIT PRODUIT CARTES,BBARDOULT,,,,,,,,,,138491,,,,,
136958,2020-10-26 15:52:35,71408760,depose,1,ETAGERE URGENCES MIR,BBARDOULT,,,,,,,,,,138492,,,,,
136966,2020-10-26 16:07:37,71392342,prise,1,AUDIT PRODUIT CARTES,BBARDOULT,,,,,,,,,,138500,,,,,
136967,2020-10-26 16:07:37,71392342,depose,1,ETAGERE URGENCES MIR,BBARDOULT,,,,,,,,,,138501,,,,,
137150,2020-10-27 08:15:41,71388101,prise,44,AUDIT PRODUIT CARTES,LLEDUC,,,,,,,,,,138683,,,,,
137151,2020-10-27 08:15:41,71388101,depose,44,ETAGERE URGENCES MIR,LLEDUC,,,,,,,,,,138684,,,,,
137155,2020-10-27 08:22:23,71380182,depose,1,ETAGERE URGENCES MIR,BBARDOULT,,,,,,,,,,138688,,,,,
138149,2020-10-28 09:54:16,71392803,prise,1,AUDIT PRODUIT CARTES,CCHALOPIN,,,,,,,,,,139702,,,,,
138153,2020-10-28 09:56:25,71392803,depose,1,ETAGERE URGENCES MIR,CCHALOPIN,,,,,,,,,,139707,,,,,
138247,2020-10-28 11:28:57,71406442,prise,6,AUDIT PRODUIT CARTES,KGUILLARD,,,,,,,,,,139801,,,,,
138248,2020-10-28 11:28:57,71406442,depose,6,ETAGERE URGENCES MIR,KGUILLARD,,,,,,,,,,139802,,,,,
138250,2020-10-28 11:29:22,71400483,prise,2,AUDIT PRODUIT CARTES,KGUILLARD,,,,,,,,,,139804,,,,,
138251,2020-10-28 11:29:22,71400483,depose,2,ETAGERE URGENCES MIR,KGUILLARD,,,,,,,,,,139805,,,,,
139212,2020-10-28 17:14:30,71393755,prise,4,AUDIT PRODUIT CARTES,JPRIOUL,,,,,,,,,,140764,,,,,
139213,2020-10-28 17:14:30,71393755,depose,4,ETAGERE URGENCES MIR,JPRIOUL,,,,,,,,,,140765,,,,,
139349,2020-10-29 10:09:48,71407417,prise,8,AUDIT PRODUIT CARTES,LLEDUC,,,,,,,,,,140905,,,,,
139350,2020-10-29 10:09:48,71407417,depose,8,ETAGERE URGENCES MIR,LLEDUC,,,,,,,,,,140906,,,,,
139538,2020-10-29 11:41:04,71400088,prise,5,AUDIT PRODUIT CARTES,LLEDUC,,,,,,,,,,141094,,,,,
139539,2020-10-29 11:41:04,71400088,depose,5,ETAGERE URGENCES MIR,LLEDUC,,,,,,,,,,141095,,,,,
139954,2020-10-29 13:36:03,71366403,prise,1,AUDIT PRODUIT CARTES,CCHALOPIN,,,,,,,,,,141509,,,,,
139955,2020-10-29 13:36:03,71366403,depose,1,ETAGERE URGENCES MIR,CCHALOPIN,,,,,,,,,,141510,,,,,
140109,2020-10-29 14:43:16,71368305,prise,2,AUDIT PRODUIT CARTES,MVEILLARD,,,,,,,,,,141670,,,,,
140110,2020-10-29 14:43:16,71368305,depose,2,ETAGERE URGENCES MIR,MVEILLARD,,,,,,,,,,141671,,,,,
140439,2020-10-29 17:15:59,71393756,prise,5,AUDIT PRODUIT CARTES,LTHOMAS,,,,,,,,,,142007,,,,,
140440,2020-10-29 17:15:59,71393756,depose,5,ETAGERE URGENCES MIR,LTHOMAS,,,,,,,,,,142008,,,,,
140452,2020-10-30 06:10:09,71402758,prise,24,AUDIT PRODUIT CARTES,KGUILLARD,,,,,,,,,,142021,,,,,
140453,2020-10-30 06:10:09,71402758,depose,24,ETAGERE URGENCES MIR,KGUILLARD,,,,,,,,,,142022,,,,,
140572,2020-10-30 10:38:05,71387157,prise,1,AUDIT PRODUIT CARTES,EORHANT,,,,,,,,,,142141,,,,,
141043,2020-10-30 13:24:48,71393146,prise,1,AUDIT PRODUIT CARTES,CCHALOPIN,,,,,,,,,,142616,,,,,
141044,2020-10-30 13:24:48,71393146,depose,1,ETAGERE URGENCES MIR,CCHALOPIN,,,,,,,,,,142617,,,,,
141075,2020-10-30 14:09:35,71398181,prise,1,AUDIT PRODUIT CARTES,CCHALOPIN,,,,,,,,,,142648,,,,,
141076,2020-10-30 14:09:35,71398181,depose,1,ETAGERE URGENCES MIR,CCHALOPIN,,,,,,,,,,142649,,,,,
141315,2020-10-30 15:21:04,71408074,prise,1,AUDIT PRODUIT CARTES,CCHALOPIN,,,,,,,,,,142889,,,,,
141316,2020-10-30 15:21:04,71408074,depose,1,ETAGERE URGENCES MIR,CCHALOPIN,,,,,,,,,,142890,,,,,
141370,2020-10-30 15:45:04,71400135,prise,1,AUDIT PRODUIT CARTES,CCHALOPIN,,,,,,,,,,142944,,,,,
141371,2020-10-30 15:45:04,71400135,depose,1,ETAGERE URGENCES MIR,CCHALOPIN,,,,,,,,,,142945,,,,,
142544,2020-11-02 16:07:53,71387588,prise,1,AUDIT PRODUIT CARTES,CCHALOPIN,,,,,,,,,,144124,,,,,
142740,2020-11-03 10:38:31,71393019,prise,1,AUDIT PRODUIT CARTES,CCHALOPIN,,,,,,,,,,144323,,,,,
142819,2020-11-03 11:05:39,71410744,prise,1,AUDIT PRODUIT CARTES,CCHALOPIN,,,,,,,,,,144405,,,,,
142820,2020-11-03 11:05:39,71410744,depose,1,ETAGERE URGENCES MIR,CCHALOPIN,,,,,,,,,,144406,,,,,
142822,2020-11-03 11:15:29,71393019,depose,1,ETAGERE URGENCES MIR,CCHALOPIN,,,,,,,,,,144408,,,,,
143301,2020-11-03 14:21:15,71391493,prise,1,AUDIT PRODUIT CARTES,CCHALOPIN,,,,,,,,,,144890,,,,,
143302,2020-11-03 14:21:15,71391493,depose,1,ETAGERE URGENCES MIR,CCHALOPIN,,,,,,,,,,144891,,,,,
143359,2020-11-03 14:43:53,71401868,prise,1,AUDIT PRODUIT CARTES,CCHALOPIN,,,,,,,,,,144950,,,,,
143360,2020-11-03 14:43:53,71401868,depose,1,ETAGERE URGENCES MIR,CCHALOPIN,,,,,,,,,,144951,,,,,
143479,2020-11-03 15:33:52,71389303,prise,1,AUDIT PRODUIT CARTES,BBARDOULT,,,,,,,,,,145080,,,,,
143480,2020-11-03 15:33:52,71389303,depose,1,ETAGERE URGENCES MIR,BBARDOULT,,,,,,,,,,145081,,,,,
143492,2020-11-03 15:41:43,71406039,prise,1,AUDIT PRODUIT CARTES,CCHALOPIN,,,,,,,,,,145093,,,,,
143493,2020-11-03 15:41:43,71406039,depose,1,ETAGERE URGENCES MIR,CCHALOPIN,,,,,,,,,,145094,,,,,
143548,2020-11-03 16:04:41,71395744,prise,1,AUDIT PRODUIT CARTES,BBARDOULT,,,,,,,,,,145149,,,,,
143549,2020-11-03 16:04:41,71395744,depose,1,ETAGERE URGENCES MIR,BBARDOULT,,,,,,,,,,145150,,,,,
143782,2020-11-04 10:56:53,71387183,prise,1,AUDIT PRODUIT CARTES,CCHALOPIN,,,,,,,,,,145386,,,,,
143783,2020-11-04 10:56:53,71387183,depose,1,ETAGERE URGENCES MIR,CCHALOPIN,,,,,,,,,,145387,,,,,
143896,2020-11-04 11:36:06,71367891,prise,1,AUDIT PRODUIT CARTES,CCHALOPIN,,,,,,,,,,145501,,,,,
143897,2020-11-04 11:36:06,71367891,depose,1,ETAGERE URGENCES MIR,CCHALOPIN,,,,,,,,,,145502,,,,,
144310,2020-11-04 14:18:20,71392635,prise,9,AUDIT PRODUIT CARTES,SLOISANCE,,,,,,,,,,145917,,,,,
144311,2020-11-04 14:18:20,71392635,depose,9,ETAGERE URGENCES MIR,SLOISANCE,,,,,,,,,,145918,,,,,
144313,2020-11-04 14:18:45,71387157,depose,5,ETAGERE URGENCES MIR,SLOISANCE,,,,,,,,,,145920,,,,,
144620,2020-11-04 15:30:40,71400862,prise,1,AUDIT PRODUIT CARTES,CCHALOPIN,,,,,,,,,,146230,,,,,
144621,2020-11-04 15:30:40,71400862,depose,1,ETAGERE URGENCES MIR,CCHALOPIN,,,,,,,,,,146231,,,,,
144653,2020-11-04 15:54:46,71397608,prise,1,AUDIT PRODUIT CARTES,BBARDOULT,,,,,,,,,,146266,,,,,
144654,2020-11-04 15:54:46,71397608,depose,1,ETAGERE URGENCES MIR,BBARDOULT,,,,,,,,,,146267,,,,,
144676,2020-11-04 16:00:20,21461633,prise,1,AUDIT PRODUIT CARTES,SLOISANCE,,,,,,,,,,146289,,,,,
144677,2020-11-04 16:00:20,21461633,depose,1,ETAGERE URGENCES MIR,SLOISANCE,,,,,,,,,,146290,,,,,
144678,2020-11-04 16:01:00,21461593,prise,1,AUDIT PRODUIT CARTES,SLOISANCE,,,,,,,,,,146291,,,,,
144679,2020-11-04 16:01:00,21461593,depose,1,ETAGERE URGENCES MIR,SLOISANCE,,,,,,,,,,146292,,,,,
144860,2020-11-05 08:32:39,21461615,prise,1,AUDIT PRODUIT CARTES,SLOISANCE,,,,,,,,,,146474,,,,,
144861,2020-11-05 08:32:39,21461615,depose,1,ETAGERE URGENCES MIR,SLOISANCE,,,,,,,,,,146475,,,,,
144891,2020-11-05 09:24:37,71392240,prise,1,AUDIT PRODUIT CARTES,BBARDOULT,,,,,,,,,,146505,,,,,
144892,2020-11-05 09:24:37,71392240,depose,1,ETAGERE URGENCES MIR,BBARDOULT,,,,,,,,,,146506,,,,,
144893,2020-11-05 09:25:46,71400036,prise,4,AUDIT PRODUIT CARTES,SLOISANCE,,,,,,,,,,146507,,,,,
144894,2020-11-05 09:25:46,71400036,depose,4,ETAGERE URGENCES MIR,SLOISANCE,,,,,,,,,,146508,,,,,
144955,2020-11-05 10:08:21,71370139,prise,1,AUDIT PRODUIT CARTES,BBARDOULT,,,,,,,,,,146570,,,,,
144956,2020-11-05 10:08:21,71370139,depose,1,ETAGERE URGENCES MIR,BBARDOULT,,,,,,,,,,146571,,,,,
145448,2020-11-05 13:03:09,71397396,prise,48,AUDIT PRODUIT CARTES,KGUILLARD,,,,,,,,,,147066,,,,,
145449,2020-11-05 13:03:09,71397396,depose,48,ETAGERE URGENCES MIR,KGUILLARD,,,,,,,,,,147067,,,,,
145456,2020-11-05 13:20:19,71388013,prise,16,AUDIT PRODUIT CARTES,KGUILLARD,,,,,,,,,,147074,,,,,
145457,2020-11-05 13:20:19,71388013,depose,16,ETAGERE URGENCES MIR,KGUILLARD,,,,,,,,,,147075,,,,,
145472,2020-11-05 13:44:56,71399923,prise,3,AUDIT PRODUIT CARTES,SLOISANCE,,,,,,,,,,147090,,,,,
145473,2020-11-05 13:44:56,71399923,depose,3,ETAGERE URGENCES MIR,SLOISANCE,,,,,,,,,,147091,,,,,
145699,2020-11-05 15:30:49,71407525,prise,1,AUDIT PRODUIT CARTES,BBARDOULT,,,,,,,,,,147317,,,,,
145700,2020-11-05 15:30:49,71407525,depose,1,ETAGERE URGENCES MIR,BBARDOULT,,,,,,,,,,147318,,,,,
145828,2020-11-05 16:08:54,71396088,prise,1,AUDIT PRODUIT CARTES,BBARDOULT,,,,,,,,,,147446,,,,,
145829,2020-11-05 16:08:54,71396088,depose,1,ETAGERE URGENCES MIR,BBARDOULT,,,,,,,,,,147447,,,,,
145884,2020-11-05 16:49:24,71407694,prise,4,AUDIT PRODUIT CARTES,KGUILLARD,,,,,,,,,,147502,,,,,
145885,2020-11-05 16:49:24,71407694,depose,4,ETAGERE URGENCES MIR,KGUILLARD,,,,,,,,,,147503,,,,,
145888,2020-11-05 17:48:11,71399621,prise,1,AUDIT PRODUIT CARTES,KGUILLARD,,,,,,,,,,147506,,,,,
145889,2020-11-05 17:48:11,71399621,depose,1,ETAGERE URGENCES MIR,KGUILLARD,,,,,,,,,,147507,,,,,
145920,2020-11-06 08:37:35,71406018,prise,1,AUDIT PRODUIT CARTES,CCHALOPIN,,,,,,,,,,147538,,,,,
145921,2020-11-06 08:37:35,71406018,depose,1,ETAGERE URGENCES MIR,CCHALOPIN,,,,,,,,,,147539,,,,,
146029,2020-11-06 10:17:45,71409242,prise,24,AUDIT PRODUIT CARTES,SLEFOUL,,,,,,,,,,147650,,,,,
146030,2020-11-06 10:17:45,71409242,depose,24,ETAGERE URGENCES MIR,SLEFOUL,,,,,,,,,,147651,,,,,
146051,2020-11-06 10:40:44,21461591,prise,1,AUDIT PRODUIT CARTES,SLOISANCE,,,,,,,,,,147672,,,,,
146052,2020-11-06 10:40:44,21461591,depose,1,ETAGERE URGENCES MIR,SLOISANCE,,,,,,,,,,147673,,,,,
146234,2020-11-06 11:18:49,71407691,prise,4,AUDIT PRODUIT CARTES,LLEDUC,,,,,,,,,,147855,,,,,
146235,2020-11-06 11:18:49,71407691,depose,4,ETAGERE URGENCES MIR,LLEDUC,,,,,,,,,,147856,,,,,
146623,2020-11-06 13:28:18,71402738,prise,10,AUDIT PRODUIT CARTES,KGUILLARD,,,,,,,,,,148245,,,,,
146624,2020-11-06 13:28:18,71402738,depose,10,ETAGERE URGENCES MIR,KGUILLARD,,,,,,,,,,148246,,,,,
146641,2020-11-06 13:49:05,71411124,prise,8,AUDIT PRODUIT CARTES,SLOISANCE,,,,,,,,,,148263,,,,,
146642,2020-11-06 13:49:05,71411124,depose,8,ETAGERE URGENCES MIR,SLOISANCE,,,,,,,,,,148264,,,,,
146991,2020-11-09 05:50:22,71402737,prise,9,AUDIT PRODUIT CARTES,KGUILLARD,,,,,,,,,,148613,,,,,
146992,2020-11-09 05:50:22,71402737,depose,9,ETAGERE URGENCES MIR,KGUILLARD,,,,,,,,,,148614,,,,,
147422,2020-11-09 11:23:48,71327301,prise,4,AUDIT PRODUIT CARTES,MVEILLARD,,,,,,,,,,149047,,,,,
147423,2020-11-09 11:23:48,71327301,depose,4,ETAGERE URGENCES MIR,MVEILLARD,,,,,,,,,,149048,,,,,
148300,2020-11-10 06:20:04,71413212,prise,14,AUDIT PRODUIT CARTES,LLEDUC,,,,,,,,,,149926,,,,,
148301,2020-11-10 06:20:04,71413212,depose,14,ETAGERE URGENCES MIR,LLEDUC,,,,,,,,,,149927,,,,,
148318,2020-11-10 08:19:46,71387588,depose,1,ETAGERE URGENCES MIR,CCHALOPIN,,,,,,,,,,149943,,,,,
148472,2020-11-10 10:21:33,71403121,prise,1,AUDIT PRODUIT CARTES,CCHALOPIN,,,,,,,,,,150098,,,,,
148473,2020-11-10 10:21:33,71403121,depose,1,ETAGERE URGENCES MIR,CCHALOPIN,,,,,,,,,,150099,,,,,
149055,2020-11-10 14:43:59,71406044,prise,5,AUDIT PRODUIT CARTES,JPRIOUL,,,,,,,,,,150683,,,,,
149056,2020-11-10 14:43:59,71406044,depose,5,ETAGERE URGENCES MIR,JPRIOUL,,,,,,,,,,150684,,,,,
149065,2020-11-10 14:50:34,71407541,prise,1,AUDIT PRODUIT CARTES,CCHALOPIN,,,,,,,,,,150693,,,,,
149070,2020-11-10 14:52:36,71407541,depose,1,ETAGERE URGENCES MIR,CCHALOPIN,,,,,,,,,,150698,,,,,
149538,2020-11-12 10:05:30,71401075,prise,1,AUDIT PRODUIT CARTES,CCHALOPIN,,,,,,,,,,151169,,,,,
149539,2020-11-12 10:05:30,71401075,depose,1,ETAGERE URGENCES MIR,CCHALOPIN,,,,,,,,,,151170,,,,,
150311,2020-11-12 15:17:25,71415636,prise,1,AUDIT PRODUIT CARTES,CCHALOPIN,,,,,,,,,,151946,,,,,
150312,2020-11-12 15:17:25,71415636,depose,1,ETAGERE URGENCES MIR,CCHALOPIN,,,,,,,,,,151947,,,,,
150335,2020-11-12 15:27:02,71400793,prise,9,AUDIT PRODUIT CARTES,SLOISANCE,,,,,,,,,,151970,,,,,
150336,2020-11-12 15:27:02,71400793,depose,9,ETAGERE URGENCES MIR,SLOISANCE,,,,,,,,,,151971,,,,,
150719,2020-11-13 05:11:32,71408149,prise,13,AUDIT PRODUIT CARTES,KGUILLARD,,,,,,,,,,152356,,,,,
150720,2020-11-13 05:11:32,71408149,depose,13,ETAGERE URGENCES MIR,KGUILLARD,,,,,,,,,,152357,,,,,
150721,2020-11-13 05:15:59,71366229,prise,10,AUDIT PRODUIT CARTES,KGUILLARD,,,,,,,,,,152358,,,,,
150722,2020-11-13 05:15:59,71366229,depose,10,ETAGERE URGENCES MIR,KGUILLARD,,,,,,,,,,152359,,,,,
150759,2020-11-13 08:21:30,71366413,prise,4,AUDIT PRODUIT CARTES,SLOISANCE,,,,,,,,,,152398,,,,,
150760,2020-11-13 08:21:30,71366413,depose,4,ETAGERE URGENCES MIR,SLOISANCE,,,,,,,,,,152399,,,,,
151155,2020-11-13 11:43:42,71404195,prise,4,AUDIT PRODUIT CARTES,JPRIOUL,,,,,,,,,,152796,,,,,
151176,2020-11-13 11:45:14,71404195,depose,4,ETAGERE URGENCES MIR,JPRIOUL,,,,,,,,,,152816,,,,,
151453,2020-11-13 13:12:21,71401787,prise,2,AUDIT PRODUIT CARTES,SLOISANCE,,,,,,,,,,153099,,,,,
151454,2020-11-13 13:12:21,71401787,depose,2,ETAGERE URGENCES MIR,SLOISANCE,,,,,,,,,,153100,,,,,
151455,2020-11-13 13:13:01,71401783,prise,2,AUDIT PRODUIT CARTES,SLOISANCE,,,,,,,,,,153101,,,,,
151456,2020-11-13 13:13:01,71401783,depose,2,ETAGERE URGENCES MIR,SLOISANCE,,,,,,,,,,153102,,,,,
151490,2020-11-13 13:55:15,71412114,prise,2,AUDIT PRODUIT CARTES,SLOISANCE,,,,,,,,,,153138,,,,,
151491,2020-11-13 13:55:15,71412114,depose,2,ETAGERE URGENCES MIR,SLOISANCE,,,,,,,,,,153139,,,,,
151708,2020-11-13 15:12:58,71412669,prise,2,AUDIT PRODUIT CARTES,SLOISANCE,,,,,,,,,,153355,,,,,
151709,2020-11-13 15:12:58,71412669,depose,2,ETAGERE URGENCES MIR,SLOISANCE,,,,,,,,,,153356,,,,,
151916,2020-11-16 06:39:02,71395736,prise,12,AUDIT PRODUIT CARTES,JPRIOUL,,,,,,,,,,153573,,,,,
151917,2020-11-16 06:39:02,71395736,depose,12,ETAGERE URGENCES MIR,JPRIOUL,,,,,,,,,,153574,,,,,
152024,2020-11-16 09:43:18,71407695,prise,4,AUDIT PRODUIT CARTES,MVEILLARD,,,,,,,,,,153681,,,,,
152025,2020-11-16 09:43:18,71407695,depose,4,ETAGERE URGENCES MIR,MVEILLARD,,,,,,,,,,153682,,,,,
152570,2020-11-16 12:59:32,71395014,prise,1,AUDIT PRODUIT CARTES,CCHALOPIN,,,,,,,,,,154223,,,,,
152571,2020-11-16 12:59:32,71395014,depose,1,ETAGERE URGENCES MIR,CCHALOPIN,,,,,,,,,,154224,,,,,
152989,2020-11-17 08:41:32,71377108,prise,10,AUDIT PRODUIT CARTES,JPRIOUL,,,,,,,,,,154652,,,,,
152990,2020-11-17 08:41:32,71377108,depose,10,ETAGERE URGENCES MIR,JPRIOUL,,,,,,,,,,154653,,,,,
153140,2020-11-17 11:01:56,71370821,depose,1,ETAGERE URGENCES MIR,SLEFOUL,,,,,,,,,,154805,,,,,
153437,2020-11-17 13:24:17,71396953,prise,1,AUDIT PRODUIT CARTES,CCHALOPIN,,,,,,,,,,155103,,,,,
153438,2020-11-17 13:24:17,71396953,depose,1,ETAGERE URGENCES MIR,CCHALOPIN,,,,,,,,,,155104,,,,,
153704,2020-11-17 15:14:45,71413998,prise,1,AUDIT PRODUIT CARTES,CCHALOPIN,,,,,,,,,,155370,,,,,
153705,2020-11-17 15:14:45,71413998,depose,1,ETAGERE URGENCES MIR,CCHALOPIN,,,,,,,,,,155371,,,,,
153712,2020-11-17 15:17:32,71404988,prise,2,AUDIT PRODUIT CARTES,SLEFOUL,,,,,,,,,,155378,,,,,
154175,2020-11-18 09:48:17,71411121,prise,1,AUDIT PRODUIT CARTES,BBARDOULT,,,,,,,,,,155839,,,,,
154176,2020-11-18 09:48:17,71411121,depose,1,ETAGERE URGENCES MIR,BBARDOULT,,,,,,,,,,155840,,,,,
155067,2020-11-18 15:22:57,71399440,prise,9,AUDIT PRODUIT CARTES,SLOISANCE,,,,,,,,,,156742,,,,,
155068,2020-11-18 15:22:57,71399440,depose,9,ETAGERE URGENCES MIR,SLOISANCE,,,,,,,,,,156743,,,,,
155925,2020-11-19 13:18:57,71402829,prise,1,AUDIT PRODUIT CARTES,CCHALOPIN,,,,,,,,,,157612,,,,,
155941,2020-11-19 13:25:58,71411174,prise,1,AUDIT PRODUIT CARTES,CCHALOPIN,,,,,,,,,,157628,,,,,
155942,2020-11-19 13:25:58,71411174,depose,1,ETAGERE URGENCES MIR,CCHALOPIN,,,,,,,,,,157629,,,,,
155944,2020-11-19 13:25:58,71402829,depose,1,ETAGERE URGENCES MIR,CCHALOPIN,,,,,,,,,,157631,,,,,
155957,2020-11-19 13:42:16,71395628,prise,5,AUDIT PRODUIT CARTES,MVEILLARD,,,,,,,,,,157644,,,,,
155958,2020-11-19 13:42:16,71395628,depose,5,ETAGERE URGENCES MIR,MVEILLARD,,,,,,,,,,157645,,,,,
156133,2020-11-19 15:14:07,71389258,prise,1,AUDIT PRODUIT CARTES,CCHALOPIN,,,,,,,,,,157820,,,,,
156134,2020-11-19 15:14:07,71389258,depose,1,ETAGERE URGENCES MIR,CCHALOPIN,,,,,,,,,,157821,,,,,
156422,2020-11-20 08:34:30,71392642,prise,10,AUDIT PRODUIT CARTES,SLOISANCE,,,,,,,,,,158109,,,,,
156423,2020-11-20 08:34:30,71392642,depose,10,ETAGERE URGENCES MIR,SLOISANCE,,,,,,,,,,158110,,,,,
156534,2020-11-20 09:48:59,71408119,prise,1,AUDIT PRODUIT CARTES,JPRIOUL,,,,,,,,,,158225,,,,,
157499,2020-11-23 08:13:06,71394705,prise,10,AUDIT PRODUIT CARTES,SLOISANCE,,,,,,,,,,159189,,,,,
157500,2020-11-23 08:13:06,71394705,depose,10,ETAGERE URGENCES MIR,SLOISANCE,,,,,,,,,,159190,,,,,
158126,2020-11-23 13:06:48,71408119,depose,1,ETAGERE URGENCES MIR,JPRIOUL,,,,,,,,,,159818,,,,,
158240,2020-11-23 14:20:12,71390553,depose,1,ETAGERE URGENCES MIR,CCHALOPIN,,,,,,,,,,159938,,,,,
159175,2020-11-24 11:05:11,71409617,prise,28,AUDIT PRODUIT CARTES,KGUILLARD,,,,,,,,,,160886,,,,,
160051,2020-11-24 19:18:01,71409617,depose,20,ETAGERE URGENCES MIR,LTHOMAS,,,,,,,,,,161767,,,,,
160088,2020-11-25 08:32:55,71391497,prise,1,AUDIT PRODUIT CARTES,CCHALOPIN,,,,,,,,,,161804,,,,,
160168,2020-11-25 09:27:04,71404988,depose,1,ETAGERE URGENCES MIR,BBARDOULT,,,,,,,,,,161884,,,,,
160368,2020-11-25 11:17:02,71391497,depose,1,ETAGERE URGENCES MIR,CCHALOPIN,,,,,,,,,,162085,,,,,
161085,2020-11-25 16:02:25,71399465,prise,1,AUDIT PRODUIT CARTES,CCHALOPIN,,,,,,,,,,162805,,,,,
161086,2020-11-25 16:02:25,71399465,depose,1,ETAGERE URGENCES MIR,CCHALOPIN,,,,,,,,,,162806,,,,,
161243,2020-11-26 08:30:05,71401879,prise,1,AUDIT PRODUIT CARTES,CCHALOPIN,,,,,,,,,,162965,,,,,
161244,2020-11-26 08:30:05,71401879,depose,1,ETAGERE URGENCES MIR,CCHALOPIN,,,,,,,,,,162966,,,,,
162395,2020-11-27 08:37:18,71404196,prise,1,AUDIT PRODUIT CARTES,CCHALOPIN,,,,,,,,,,164128,,,,,
162516,2020-11-27 10:10:05,71404196,depose,1,ETAGERE URGENCES MIR,CCHALOPIN,,,,,,,,,,164249,,,,,
166950,2020-12-03 08:44:59,71408406,prise,1,AUDIT PRODUIT CARTES,CCHALOPIN,,,,,,,,,,168705,,,,,
166951,2020-12-03 08:44:59,71408406,depose,1,ETAGERE URGENCES MIR,CCHALOPIN,,,,,,,,,,168706,,,,,
167006,2020-12-03 09:35:59,21419617,prise,1,AUDIT PRODUIT CARTES,CCHALOPIN,,,,,,,,,,168761,,,,,
167007,2020-12-03 09:35:59,21419617,depose,1,ETAGERE URGENCES MIR,CCHALOPIN,,,,,,,,,,168762,,,,,
168265,2020-12-04 10:13:51,71418540,prise,24,AUDIT PRODUIT CARTES,JPRIOUL,,,,,,,,,,170030,,,,,
168266,2020-12-04 10:13:51,71418540,depose,24,ETAGERE URGENCES MIR,JPRIOUL,,,,,,,,,,170031,,,,,
168269,2020-12-04 10:28:01,21461402,prise,6,AUDIT PRODUIT CARTES,LTHOMAS,,,,,,,,,,170034,,,,,
168270,2020-12-04 10:28:01,21461402,depose,6,ETAGERE URGENCES MIR,LTHOMAS,,,,,,,,,,170035,,,,,
168271,2020-12-04 10:28:01,21461376,prise,6,AUDIT PRODUIT CARTES,LTHOMAS,,,,,,,,,,170036,,,,,
168272,2020-12-04 10:28:01,21461376,depose,6,ETAGERE URGENCES MIR,LTHOMAS,,,,,,,,,,170037,,,,,
168273,2020-12-04 10:28:01,71402749,prise,6,AUDIT PRODUIT CARTES,LTHOMAS,,,,,,,,,,170038,,,,,
168274,2020-12-04 10:28:01,71402749,depose,6,ETAGERE URGENCES MIR,LTHOMAS,,,,,,,,,,170039,,,,,
168285,2020-12-04 10:39:23,21462381,prise,1,AUDIT PRODUIT CARTES,SLOISANCE,,,,,,,,,,170050,,,,,
168286,2020-12-04 10:39:23,21462381,depose,1,ETAGERE URGENCES MIR,SLOISANCE,,,,,,,,,,170051,,,,,
168287,2020-12-04 10:39:44,71409278,prise,10,AUDIT PRODUIT CARTES,SLOISANCE,,,,,,,,,,170052,,,,,
168288,2020-12-04 10:39:44,71409278,depose,10,ETAGERE URGENCES MIR,SLOISANCE,,,,,,,,,,170053,,,,,
168440,2020-12-04 11:21:36,71287918,prise,1,AUDIT PRODUIT CARTES,SLOISANCE,,,,,,,,,,170206,,,,,
168441,2020-12-04 11:21:36,71287918,depose,1,ETAGERE URGENCES MIR,SLOISANCE,,,,,,,,,,170207,,,,,
168836,2020-12-04 14:46:59,71413951,prise,1,AUDIT PRODUIT CARTES,CCHALOPIN,,,,,,,,,,170602,,,,,
168837,2020-12-04 14:46:59,71413951,depose,1,ETAGERE URGENCES MIR,CCHALOPIN,,,,,,,,,,170603,,,,,
169623,2020-12-07 14:05:05,71403759,prise,1,AUDIT PRODUIT CARTES,CCHALOPIN,,,,,,,,,,171395,,,,,
169624,2020-12-07 14:05:05,71403759,depose,1,ETAGERE URGENCES MIR,CCHALOPIN,,,,,,,,,,171396,,,,,
171583,2020-12-09 11:35:35,71383109,prise,1,AUDIT PRODUIT CARTES,CCHALOPIN,,,,,,,,,,173358,,,,,
171584,2020-12-09 11:35:35,71383109,depose,1,ETAGERE URGENCES MIR,CCHALOPIN,,,,,,,,,,173359,,,,,
171784,2020-12-09 13:06:54,71392330,prise,1,AUDIT PRODUIT CARTES,CCHALOPIN,,,,,,,,,,173558,,,,,
171785,2020-12-09 13:06:54,71392330,depose,1,ETAGERE URGENCES MIR,CCHALOPIN,,,,,,,,,,173559,,,,,
173286,2020-12-10 15:48:24,71409257,prise,10,AUDIT PRODUIT CARTES,SLOISANCE,,,,,,,,,,175066,,,,,
173287,2020-12-10 15:48:24,71409257,depose,10,ETAGERE URGENCES MIR,SLOISANCE,,,,,,,,,,175067,,,,,
174146,2020-12-11 12:52:31,71424478,prise,1,AUDIT PRODUIT CARTES,BBARDOULT,,,,,,,,,,175929,,,,,
174147,2020-12-11 12:52:31,71424478,depose,1,ETAGERE URGENCES MIR,BBARDOULT,,,,,,,,,,175930,,,,,
174525,2020-12-11 15:00:35,71400055,prise,1,AUDIT PRODUIT CARTES,BBARDOULT,,,,,,,,,,176310,,,,,
174526,2020-12-11 15:00:35,71400055,depose,1,ETAGERE URGENCES MIR,BBARDOULT,,,,,,,,,,176311,,,,,
174758,2020-12-14 06:28:23,71401369,prise,4,AUDIT PRODUIT CARTES,LTHOMAS,,,,,,,,,,176544,,,,,
174759,2020-12-14 06:28:23,71401369,depose,4,ETAGERE URGENCES MIR,LTHOMAS,,,,,,,,,,176545,,,,,
175079,2020-12-14 10:59:05,71367732,prise,1,AUDIT PRODUIT CARTES,BBARDOULT,,,,,,,,,,176869,,,,,
175080,2020-12-14 10:59:05,71367732,depose,1,ETAGERE URGENCES MIR,BBARDOULT,,,,,,,,,,176870,,,,,
175380,2020-12-14 13:01:26,21460740,prise,1,AUDIT PRODUIT CARTES,BBARDOULT,,,,,,,,,,177172,,,,,
175381,2020-12-14 13:01:26,21460740,depose,1,ETAGERE URGENCES MIR,BBARDOULT,,,,,,,,,,177173,,,,,
176113,2020-12-15 10:44:54,71418838,prise,6,AUDIT PRODUIT CARTES,SLOISANCE,,,,,,,,,,177914,,,,,
176114,2020-12-15 10:44:54,71418838,depose,6,ETAGERE URGENCES MIR,SLOISANCE,,,,,,,,,,177915,,,,,
176961,2020-12-16 09:30:41,21460279,prise,1,AUDIT PRODUIT CARTES,SLOISANCE,,,,,,,,,,178766,,,,,
176962,2020-12-16 09:30:41,21460279,depose,1,ETAGERE URGENCES MIR,SLOISANCE,,,,,,,,,,178767,,,,,
177013,2020-12-16 09:57:22,71424926,prise,1,AUDIT PRODUIT CARTES,SLOISANCE,,,,,,,,,,178820,,,,,
177014,2020-12-16 09:57:22,71424926,depose,1,ETAGERE URGENCES MIR,SLOISANCE,,,,,,,,,,178821,,,,,
177325,2020-12-16 11:37:56,71425521,prise,4,AUDIT PRODUIT CARTES,LTHOMAS,,,,,,,,,,179134,,,,,
177326,2020-12-16 11:37:56,71425521,depose,4,ETAGERE URGENCES MIR,LTHOMAS,,,,,,,,,,179135,,,,,
177354,2020-12-16 11:50:51,71416799,prise,48,AUDIT PRODUIT CARTES,LTHOMAS,,,,,,,,,,179163,,,,,
177355,2020-12-16 11:50:51,71416799,depose,48,ETAGERE URGENCES MIR,LTHOMAS,,,,,,,,,,179164,,,,,
178018,2020-12-16 15:42:52,71417835,prise,2,AUDIT PRODUIT CARTES,SLOISANCE,,,,,,,,,,179826,,,,,
178019,2020-12-16 15:42:52,71417835,depose,2,ETAGERE URGENCES MIR,SLOISANCE,,,,,,,,,,179827,,,,,
178846,2020-12-17 13:11:41,71411817,prise,2,AUDIT PRODUIT CARTES,KGUILLARD,,,,,,,,,,180664,,,,,
178847,2020-12-17 13:11:41,71411817,depose,2,ETAGERE URGENCES MIR,KGUILLARD,,,,,,,,,,180665,,,,,
178873,2020-12-17 13:26:41,71419943,prise,48,AUDIT PRODUIT CARTES,SLEFOUL,,,,,,,,,,180691,,,,,
178874,2020-12-17 13:26:41,71419943,depose,48,ETAGERE URGENCES MIR,SLEFOUL,,,,,,,,,,180692,,,,,
178903,2020-12-17 13:40:50,71416096,prise,1,AUDIT PRODUIT CARTES,BBARDOULT,,,,,,,,,,180721,,,,,
178904,2020-12-17 13:40:50,71416096,depose,1,ETAGERE URGENCES MIR,BBARDOULT,,,,,,,,,,180722,,,,,
179782,2020-12-18 11:52:47,71426548,prise,10,AUDIT PRODUIT CARTES,KGUILLARD,,,,,,,,,,181607,,,,,
179783,2020-12-18 11:52:47,71426548,depose,10,ETAGERE URGENCES MIR,KGUILLARD,,,,,,,,,,181608,,,,,
181286,2020-12-22 14:20:15,71373637,prise,1,AUDIT PRODUIT CARTES,BBARDOULT,,,,,,,,,,183115,,,,,
181287,2020-12-22 14:20:15,71373637,depose,1,ETAGERE URGENCES MIR,BBARDOULT,,,,,,,,,,183116,,,,,
181418,2020-12-23 09:24:07,71413431,prise,8,AUDIT PRODUIT CARTES,KGUILLARD,,,,,,,,,,183247,,,,,
181419,2020-12-23 09:24:07,71413431,depose,8,ETAGERE URGENCES MIR,KGUILLARD,,,,,,,,,,183248,,,,,
181889,2020-12-24 09:23:11,71423995,prise,24,AUDIT PRODUIT CARTES,KGUILLARD,,,,,,,,,,183719,,,,,
181890,2020-12-24 09:23:11,71423995,depose,24,ETAGERE URGENCES MIR,KGUILLARD,,,,,,,,,,183720,,,,,
185392,2021-01-05 14:57:25,71423197,prise,1,AUDIT PRODUIT CARTES,MVEILLARD,,,,,,,,,,187233,,,,,
185393,2021-01-05 14:57:25,71423197,depose,1,ETAGERE URGENCES MIR,MVEILLARD,,,,,,,,,,187234,,,,,
185471,2021-01-05 15:15:46,21464234,prise,1,AUDIT PRODUIT CARTES,MVEILLARD,,,,,,,,,,187312,,,,,
185472,2021-01-05 15:15:46,21464234,depose,1,ETAGERE URGENCES MIR,MVEILLARD,,,,,,,,,,187313,,,,,
185516,2021-01-05 15:24:53,71427053,prise,3,AUDIT PRODUIT CARTES,SLEFOUL,,,,,,,,,,187357,,,,,
185517,2021-01-05 15:24:53,71427053,depose,3,ETAGERE URGENCES MIR,SLEFOUL,,,,,,,,,,187358,,,,,
185615,2021-01-05 15:38:56,21465171,prise,1,AUDIT PRODUIT CARTES,MVEILLARD,,,,,,,,,,187456,,,,,
185616,2021-01-05 15:38:56,21465171,depose,1,ETAGERE URGENCES MIR,MVEILLARD,,,,,,,,,,187457,,,,,
185633,2021-01-05 15:45:44,71421048,prise,11,AUDIT PRODUIT CARTES,SLEFOUL,,,,,,,,,,187474,,,,,
185634,2021-01-05 15:45:44,71421048,depose,11,ETAGERE URGENCES MIR,SLEFOUL,,,,,,,,,,187475,,,,,
185635,2021-01-05 15:46:25,71418600,prise,2,AUDIT PRODUIT CARTES,JPRIOUL,,,,,,,,,,187476,,,,,
185636,2021-01-05 15:46:25,71418600,depose,2,ETAGERE URGENCES MIR,JPRIOUL,,,,,,,,,,187477,,,,,
185680,2021-01-05 15:55:55,71422835,prise,5,AUDIT PRODUIT CARTES,JPRIOUL,,,,,,,,,,187521,,,,,
185681,2021-01-05 15:55:55,71422835,depose,5,ETAGERE URGENCES MIR,JPRIOUL,,,,,,,,,,187522,,,,,
185723,2021-01-05 16:09:44,71418240,prise,10,AUDIT PRODUIT CARTES,MVEILLARD,,,,,,,,,,187564,,,,,
185724,2021-01-05 16:09:44,71418240,depose,10,ETAGERE URGENCES MIR,MVEILLARD,,,,,,,,,,187565,,,,,
189716,2021-01-07 15:21:08,71402393,prise,1,AUDIT PRODUIT CARTES,CCHALOPIN,,,,,,,,,,191558,,,,,
189717,2021-01-07 15:21:08,71402393,depose,1,ETAGERE URGENCES MIR,CCHALOPIN,,,,,,,,,,191559,,,,,
192765,2021-01-11 11:05:25,71413428,prise,1,AUDIT PRODUIT CARTES,CCHALOPIN,,,,,,,,,,194635,,,,,
192793,2021-01-11 11:06:54,71413428,depose,1,ETAGERE URGENCES MIR,CCHALOPIN,,,,,,,,,,194663,,,,,
194505,2021-01-12 10:36:22,71411788,prise,1,AUDIT PRODUIT CARTES,CCHALOPIN,,,,,,,,,,196383,,,,,
194506,2021-01-12 10:36:22,71411788,depose,1,ETAGERE URGENCES MIR,CCHALOPIN,,,,,,,,,,196384,,,,,
